ID,Type
0,Bike
1,Bike
2,Bike
3,Bike
4,Bike
5,Bike
6,Bike
7,Bike
8,Bike
9,Bike
10,Bike
11,Bike
12,Bike
13,Bike
14,Bike
15,Bike
16,Bike
17,Bike
18,Bike
19,Bike
20,Bike
21,Bike
22,Bike
23,Bike
24,Bike
25,Bike
26,Bike
27,Bike
28,Bike
29,Bike
30,Bike
31,Bike
32,Bike
33,Bike
34,Bike
35,Bike
36,Bike
37,Bike
38,Bike
39,Bike
40,Bike
41,Bike
42,Bike
43,Bike
44,Bike
45,Bike
46,Bike
47,Bike
48,Bike
49,Bike
50,Bike
51,Bike
52,Bike
53,Bike
54,Bike
55,Bike
56,Bike
57,Bike
58,Bike
59,Bike
60,Bike
61,Bike
62,Bike
63,Bike
64,Bike
65,Bike
66,Bike
67,Bike
68,Bike
69,Bike
70,Bike
71,Bike
72,Bike
73,Bike
74,Bike
75,Bike
76,Bike
77,Bike
78,Bike
79,Bike
80,Bike
81,Bike
82,Bike
83,Bike
84,Bike
85,Bike
86,Bike
87,Bike
88,Bike
89,Bike
90,Bike
91,Bike
92,Bike
93,Bike
94,Bike
95,Bike
96,Bike
97,Bike
98,Bike
99,Bike
100,Bike
101,Bike
102,Bike
103,Bike
104,Bike
105,Bike
106,Bike
107,Bike
108,Bike
109,Bike
110,Bike
111,Bike
112,Bike
113,Bike
114,Bike
115,Bike
116,Bike
117,Bike
118,Bike
119,Bike
120,Bike
121,Bike
122,Bike
123,Bike
124,Bike
125,Bike
126,Bike
127,Bike
128,Bike
129,Bike
130,Bike
131,Bike
132,Bike
133,Bike
134,Bike
135,Bike
136,Bike
137,Bike
138,Bike
139,Bike
140,Bike
141,Bike
142,Bike
143,Bike
144,Bike
145,Bike
146,Bike
147,Bike
148,Bike
149,Bike
150,Bike
151,Bike
152,Bike
153,Bike
154,Bike
155,Bike
156,Bike
157,Bike
158,Bike
159,Bike
160,Bike
161,Bike
162,Bike
163,Bike
164,Bike
165,Bike
166,Bike
167,Bike
168,Bike
169,Bike
170,Bike
171,Bike
172,Bike
173,Bike
174,Bike
175,Bike
176,Bike
177,Bike
178,Bike
179,Bike
180,Bike
181,Bike
182,Bike
183,Bike
184,Bike
185,Bike
186,Bike
187,Bike
188,Bike
189,Bike
190,Bike
191,Bike
192,Bike
193,Bike
194,Bike
195,Bike
196,Bike
197,Bike
198,Bike
199,Bike
200,Bike
201,Bike
202,Bike
203,Bike
204,Bike
205,Bike
206,Bike
207,Bike
208,Bike
209,Bike
210,Bike
211,Bike
212,Bike
213,Bike
214,Bike
215,Bike
216,Bike
217,Bike
218,Bike
219,Bike
220,Bike
221,Bike
222,Bike
223,Bike
224,Bike
225,Bike
226,Bike
227,Bike
228,Bike
229,Bike
230,Bike
231,Bike
232,Bike
233,Bike
234,Bike
235,Bike
236,Bike
237,Bike
238,Bike
239,Bike
240,Bike
241,Bike
242,Bike
243,Bike
244,Bike
245,Bike
246,Bike
247,Bike
248,Bike
249,Bike
250,Bike
251,Bike
252,Bike
253,Bike
254,Bike
255,Bike
256,Bike
257,Bike
258,Bike
259,Bike
260,Bike
261,Bike
262,Bike
263,Bike
264,Bike
265,Bike
266,Bike
267,Bike
268,Bike
269,Bike
270,Bike
271,Bike
272,Bike
273,Bike
274,Bike
275,Bike
276,Bike
277,Bike
278,Bike
279,Bike
280,Bike
281,Bike
282,Bike
283,Bike
284,Bike
285,Bike
286,Bike
287,Bike
288,Bike
289,Bike
290,Bike
291,Bike
292,Bike
293,Bike
294,Bike
295,Bike
296,Bike
297,Bike
298,Bike
299,Bike
300,Bike
301,Bike
302,Bike
303,Bike
304,Bike
305,Bike
306,Bike
307,Bike
308,Bike
309,Bike
310,Bike
311,Bike
312,Bike
313,Bike
314,Bike
315,Bike
316,Bike
317,Bike
318,Bike
319,Bike
320,Bike
321,Bike
322,Bike
323,Bike
324,Bike
325,Bike
326,Bike
327,Bike
328,Bike
329,Bike
330,Bike
331,Bike
332,Bike
333,Bike
334,Bike
335,Bike
336,Bike
337,Bike
338,Bike
339,Bike
340,Bike
341,Bike
342,Bike
343,Bike
344,Bike
345,Bike
346,Bike
347,Bike
348,Bike
349,Bike
350,Bike
351,Bike
352,Bike
353,Bike
354,Bike
355,Bike
356,Bike
357,Bike
358,Bike
359,Bike
360,Bike
361,Bike
362,Bike
363,Bike
364,Bike
365,Bike
366,Bike
367,Bike
368,Bike
369,Bike
370,Bike
371,Bike
372,Bike
373,Bike
374,Bike
375,Bike
376,Bike
377,Bike
378,Bike
379,Bike
380,Bike
381,Bike
382,Bike
383,Bike
384,Bike
385,Bike
386,Bike
387,Bike
388,Bike
389,Bike
390,Bike
391,Bike
392,Bike
393,Bike
394,Bike
395,Bike
396,Bike
397,Bike
398,Bike
399,Bike
400,Bike
401,Bike
402,Bike
403,Bike
404,Bike
405,Bike
406,Bike
407,Bike
408,Bike
409,Bike
410,Bike
411,Bike
412,Bike
413,Bike
414,Bike
415,Bike
416,Bike
417,Bike
418,Bike
419,Bike
420,Bike
421,Bike
422,Bike
423,Bike
424,Bike
425,Bike
426,Bike
427,Bike
428,Bike
429,Bike
430,Bike
431,Bike
432,Bike
433,Bike
434,Bike
435,Bike
436,Bike
437,Bike
438,Bike
439,Bike
440,Bike
441,Bike
442,Bike
443,Bike
444,Bike
445,Bike
446,Bike
447,Bike
448,Bike
449,Bike
450,Bike
451,Bike
452,Bike
453,Bike
454,Bike
455,Bike
456,Bike
457,Bike
458,Bike
459,Bike
460,Bike
461,Bike
462,Bike
463,Bike
464,Bike
465,Bike
466,Bike
467,Bike
468,Bike
469,Bike
470,Bike
471,Bike
472,Bike
473,Bike
474,Bike
475,Bike
476,Bike
477,Bike
478,Bike
479,Bike
480,Bike
481,Bike
482,Bike
483,Bike
484,Bike
485,Bike
486,Bike
487,Bike
488,Bike
489,Bike
490,Bike
491,Bike
492,Bike
493,Bike
494,Bike
495,Bike
496,Bike
497,Bike
498,Bike
499,Bike
500,Bike
501,Bike
502,Bike
503,Bike
504,Bike
505,Bike
506,Bike
507,Bike
508,Bike
509,Bike
510,Bike
511,Bike
512,Bike
513,Bike
514,Bike
515,Bike
516,Bike
517,Bike
518,Bike
519,Bike
520,Bike
521,Bike
522,Bike
523,Bike
524,Bike
525,Bike
526,Bike
527,Bike
528,Bike
529,Bike
530,Bike
531,Bike
532,Bike
533,Bike
534,Bike
535,Bike
536,Bike
537,Bike
538,Bike
539,Bike
540,Bike
541,Bike
542,Bike
543,Bike
544,Bike
545,Bike
546,Bike
547,Bike
548,Bike
549,Bike
550,Bike
551,Bike
552,Bike
553,Bike
554,Bike
555,Bike
556,Bike
557,Bike
558,Bike
559,Bike
560,Bike
561,Bike
562,Bike
563,Bike
564,Bike
565,Bike
566,Bike
567,Bike
568,Bike
569,Bike
570,Bike
571,Bike
572,Bike
573,Bike
574,Bike
575,Bike
576,Bike
577,Bike
578,Bike
579,Bike
580,Bike
581,Bike
582,Bike
583,Bike
584,Bike
585,Bike
586,Bike
587,Bike
588,Bike
589,Bike
590,Bike
591,Bike
592,Bike
593,Bike
594,Bike
595,Bike
596,Bike
597,Bike
598,Bike
599,Bike
600,Bike
601,Bike
602,Bike
603,Bike
604,Bike
605,Bike
606,Bike
607,Bike
608,Bike
609,Bike
610,Bike
611,Bike
612,Bike
613,Bike
614,Bike
615,Bike
616,Bike
617,Bike
618,Bike
619,Bike
620,Bike
621,Bike
622,Bike
623,Bike
624,Bike
625,Bike
626,Bike
627,Bike
628,Bike
629,Bike
630,Bike
631,Bike
632,Bike
633,Bike
634,Bike
635,Bike
636,Bike
637,Bike
638,Bike
639,Bike
640,Bike
641,Bike
642,Bike
643,Bike
644,Bike
645,Bike
646,Bike
647,Bike
648,Bike
649,Bike
650,Bike
651,Bike
652,Bike
653,Bike
654,Bike
655,Bike
656,Bike
657,Bike
658,Bike
659,Bike
660,Bike
661,Bike
662,Bike
663,Bike
664,Bike
665,Bike
666,Bike
667,Bike
668,Bike
669,Bike
670,Bike
671,Bike
672,Bike
673,Bike
674,Bike
675,Bike
676,Bike
677,Bike
678,Bike
679,Bike
680,Bike
681,Bike
682,Bike
683,Bike
684,Bike
685,Bike
686,Bike
687,Bike
688,Bike
689,Bike
690,Bike
691,Bike
692,Bike
693,Bike
694,Bike
695,Bike
696,Bike
697,Bike
698,Bike
699,Bike
700,Bike
701,Bike
702,Bike
703,Bike
704,Bike
705,Bike
706,Bike
707,Bike
708,Bike
709,Bike
710,Bike
711,Bike
712,Bike
713,Bike
714,Bike
715,Bike
716,Bike
717,Bike
718,Bike
719,Bike
720,Bike
721,Bike
722,Bike
723,Bike
724,Bike
725,Bike
726,Bike
727,Bike
728,Bike
729,Bike
730,Bike
731,Bike
732,Bike
733,Bike
734,Bike
735,Bike
736,Bike
737,Bike
738,Bike
739,Bike
740,Bike
741,Bike
742,Bike
743,Bike
744,Bike
745,Bike
746,Bike
747,Bike
748,Bike
749,Bike
750,Bike
751,Bike
752,Bike
753,Bike
754,Bike
755,Bike
756,Bike
757,Bike
758,Bike
759,Bike
760,Bike
761,Bike
762,Bike
763,Bike
764,Bike
765,Bike
766,Bike
767,Bike
768,Bike
769,Bike
770,Bike
771,Bike
772,Bike
773,Bike
774,Bike
775,Bike
776,Bike
777,Bike
778,Bike
779,Bike
780,Bike
781,Bike
782,Bike
783,Bike
784,Bike
785,Bike
786,Bike
787,Bike
788,Bike
789,Bike
790,Bike
791,Bike
792,Bike
793,Bike
794,Bike
795,Bike
796,Bike
797,Bike
798,Bike
799,Bike
800,Bike
801,Bike
802,Bike
803,Bike
804,Bike
805,Bike
806,Bike
807,Bike
808,Bike
809,Bike
810,Bike
811,Bike
812,Bike
813,Bike
814,Bike
815,Bike
816,Bike
817,Bike
818,Bike
819,Bike
820,Bike
821,Bike
822,Bike
823,Bike
824,Bike
825,Bike
826,Bike
827,Bike
828,Bike
829,Bike
830,Bike
831,Bike
832,Bike
833,Bike
834,Bike
835,Bike
836,Bike
837,Bike
838,Bike
839,Bike
840,Bike
841,Bike
842,Bike
843,Bike
844,Bike
845,Bike
846,Bike
847,Bike
848,Bike
849,Bike
850,Bike
851,Bike
852,Bike
853,Bike
854,Bike
855,Bike
856,Bike
857,Bike
858,Bike
859,Bike
860,Bike
861,Bike
862,Bike
863,Bike
864,Bike
865,Bike
866,Bike
867,Bike
868,Bike
869,Bike
870,Bike
871,Bike
872,Bike
873,Bike
874,Bike
875,Bike
876,Bike
877,Bike
878,Bike
879,Bike
880,Bike
881,Bike
882,Bike
883,Bike
884,Bike
885,Bike
886,Bike
887,Bike
888,Bike
889,Bike
890,Bike
891,Bike
892,Bike
893,Bike
894,Bike
895,Bike
896,Bike
897,Bike
898,Bike
899,Bike
900,Bike
901,Bike
902,Bike
903,Bike
904,Bike
905,Bike
906,Bike
907,Bike
908,Bike
909,Bike
910,Bike
911,Bike
912,Bike
913,Bike
914,Bike
915,Bike
916,Bike
917,Bike
918,Bike
919,Bike
920,Bike
921,Bike
922,Bike
923,Bike
924,Bike
925,Bike
926,Bike
927,Bike
928,Bike
929,Bike
930,Bike
931,Bike
932,Bike
933,Bike
934,Bike
935,Bike
936,Bike
937,Bike
938,Bike
939,Bike
940,Bike
941,Bike
942,Bike
943,Bike
944,Bike
945,Bike
946,Bike
947,Bike
948,Bike
949,Bike
950,Bike
951,Bike
952,Bike
953,Bike
954,Bike
955,Bike
956,Bike
957,Bike
958,Bike
959,Bike
960,Bike
961,Bike
962,Bike
963,Bike
964,Bike
965,Bike
966,Bike
967,Bike
968,Bike
969,Bike
970,Bike
971,Bike
972,Bike
973,Bike
974,Bike
975,Bike
976,Bike
977,Bike
978,Bike
979,Bike
980,Bike
981,Bike
982,Bike
983,Bike
984,Bike
985,Easy-Bike
986,Easy-Bike
987,Easy-Bike
988,Easy-Bike
989,Easy-Bike
990,Easy-Bike
991,Easy-Bike
992,Easy-Bike
993,Easy-Bike
994,Easy-Bike
995,Easy-Bike
996,Easy-Bike
997,Easy-Bike
998,Easy-Bike
999,Easy-Bike
1000,Easy-Bike
1001,Easy-Bike
1002,Easy-Bike
1003,Easy-Bike
1004,Easy-Bike
1005,Easy-Bike
1006,Easy-Bike
1007,Easy-Bike
1008,Easy-Bike
1009,Easy-Bike
1010,Easy-Bike
1011,Easy-Bike
1012,Easy-Bike
1013,Easy-Bike
1014,Easy-Bike
1015,Easy-Bike
1016,Easy-Bike
1017,Easy-Bike
1018,Easy-Bike
1019,Easy-Bike
1020,Easy-Bike
1021,Easy-Bike
1022,Easy-Bike
1023,Easy-Bike
1024,Easy-Bike
1025,Easy-Bike
1026,Easy-Bike
1027,Easy-Bike
1028,Easy-Bike
1029,Easy-Bike
1030,Easy-Bike
1031,Easy-Bike
1032,Easy-Bike
1033,Easy-Bike
1034,Easy-Bike
1035,Easy-Bike
1036,Easy-Bike
1037,Easy-Bike
1038,Easy-Bike
1039,Easy-Bike
1040,Easy-Bike
1041,Easy-Bike
1042,Easy-Bike
1043,Easy-Bike
1044,Easy-Bike
1045,Easy-Bike
1046,Easy-Bike
1047,Easy-Bike
1048,Easy-Bike
1049,Easy-Bike
1050,Easy-Bike
1051,Easy-Bike
1052,Easy-Bike
1053,Easy-Bike
1054,Easy-Bike
1055,Easy-Bike
1056,Easy-Bike
1057,Easy-Bike
1058,Easy-Bike
1059,Easy-Bike
1060,Easy-Bike
1061,Easy-Bike
1062,Easy-Bike
1063,Easy-Bike
1064,Easy-Bike
1065,Easy-Bike
1066,Easy-Bike
1067,Easy-Bike
1068,Easy-Bike
1069,Easy-Bike
1070,Easy-Bike
1071,Easy-Bike
1072,Easy-Bike
1073,Easy-Bike
1074,Easy-Bike
1075,Easy-Bike
1076,Easy-Bike
1077,Easy-Bike
1078,Easy-Bike
1079,Easy-Bike
1080,Easy-Bike
1081,Easy-Bike
1082,Easy-Bike
1083,Easy-Bike
1084,Easy-Bike
1085,Easy-Bike
1086,Easy-Bike
1087,Easy-Bike
1088,Easy-Bike
1089,Easy-Bike
1090,Easy-Bike
1091,Easy-Bike
1092,Easy-Bike
1093,Easy-Bike
1094,Easy-Bike
1095,Easy-Bike
1096,Easy-Bike
1097,Easy-Bike
1098,Easy-Bike
1099,Easy-Bike
1100,Easy-Bike
1101,Easy-Bike
1102,Easy-Bike
1103,Easy-Bike
1104,Easy-Bike
1105,Easy-Bike
1106,Easy-Bike
1107,Easy-Bike
1108,Easy-Bike
1109,Easy-Bike
1110,Easy-Bike
1111,Easy-Bike
1112,Easy-Bike
1113,Easy-Bike
1114,Easy-Bike
1115,Easy-Bike
1116,Easy-Bike
1117,Easy-Bike
1118,Easy-Bike
1119,Easy-Bike
1120,Easy-Bike
1121,Easy-Bike
1122,Easy-Bike
1123,Easy-Bike
1124,Easy-Bike
1125,Easy-Bike
1126,Easy-Bike
1127,Easy-Bike
1128,Easy-Bike
1129,Easy-Bike
1130,Easy-Bike
1131,Easy-Bike
1132,Easy-Bike
1133,Easy-Bike
1134,Easy-Bike
1135,Easy-Bike
1136,Easy-Bike
1137,Easy-Bike
1138,Easy-Bike
1139,Easy-Bike
1140,Easy-Bike
1141,Easy-Bike
1142,Easy-Bike
1143,Easy-Bike
1144,Easy-Bike
1145,Easy-Bike
1146,Easy-Bike
1147,Easy-Bike
1148,Easy-Bike
1149,Easy-Bike
1150,Easy-Bike
1151,Easy-Bike
1152,Easy-Bike
1153,Easy-Bike
1154,Easy-Bike
1155,Easy-Bike
1156,Easy-Bike
1157,Easy-Bike
1158,Easy-Bike
1159,Easy-Bike
1160,Easy-Bike
1161,Easy-Bike
1162,Easy-Bike
1163,Easy-Bike
1164,Easy-Bike
1165,Easy-Bike
1166,Easy-Bike
1167,Easy-Bike
1168,Easy-Bike
1169,Easy-Bike
1170,Easy-Bike
1171,Easy-Bike
1172,Easy-Bike
1173,Easy-Bike
1174,Easy-Bike
1175,Easy-Bike
1176,Easy-Bike
1177,Easy-Bike
1178,Easy-Bike
1179,Easy-Bike
1180,Easy-Bike
1181,Easy-Bike
1182,Easy-Bike
1183,Easy-Bike
1184,Easy-Bike
1185,Easy-Bike
1186,Easy-Bike
1187,Easy-Bike
1188,Easy-Bike
1189,Easy-Bike
1190,Easy-Bike
1191,Easy-Bike
1192,Easy-Bike
1193,Easy-Bike
1194,Easy-Bike
1195,Easy-Bike
1196,Easy-Bike
1197,Easy-Bike
1198,Easy-Bike
1199,Easy-Bike
1200,Easy-Bike
1201,Easy-Bike
1202,Easy-Bike
1203,Easy-Bike
1204,Easy-Bike
1205,Easy-Bike
1206,Easy-Bike
1207,Easy-Bike
1208,Easy-Bike
1209,Easy-Bike
1210,Easy-Bike
1211,Easy-Bike
1212,Easy-Bike
1213,Easy-Bike
1214,Easy-Bike
1215,Easy-Bike
1216,Easy-Bike
1217,Easy-Bike
1218,Easy-Bike
1219,Easy-Bike
1220,Easy-Bike
1221,Easy-Bike
1222,Easy-Bike
1223,Easy-Bike
1224,Easy-Bike
1225,Easy-Bike
1226,Easy-Bike
1227,Easy-Bike
1228,Easy-Bike
1229,Easy-Bike
1230,Easy-Bike
1231,Easy-Bike
1232,Easy-Bike
1233,Easy-Bike
1234,Easy-Bike
1235,Easy-Bike
1236,Easy-Bike
1237,Easy-Bike
1238,Easy-Bike
1239,Easy-Bike
1240,Easy-Bike
1241,Easy-Bike
1242,Easy-Bike
1243,Easy-Bike
1244,Easy-Bike
1245,Easy-Bike
1246,Easy-Bike
1247,Easy-Bike
1248,Easy-Bike
1249,Easy-Bike
1250,Easy-Bike
1251,Easy-Bike
1252,Easy-Bike
1253,Easy-Bike
1254,Easy-Bike
1255,Easy-Bike
1256,Easy-Bike
1257,Easy-Bike
1258,Easy-Bike
1259,Easy-Bike
1260,Easy-Bike
1261,Easy-Bike
1262,Easy-Bike
1263,Easy-Bike
1264,Easy-Bike
1265,Easy-Bike
1266,Easy-Bike
1267,Easy-Bike
1268,Easy-Bike
1269,Easy-Bike
1270,Easy-Bike
1271,Easy-Bike
1272,Easy-Bike
1273,Easy-Bike
1274,Easy-Bike
1275,Easy-Bike
1276,Easy-Bike
1277,Easy-Bike
1278,Easy-Bike
1279,Easy-Bike
1280,Easy-Bike
1281,Easy-Bike
1282,Easy-Bike
1283,Easy-Bike
1284,Easy-Bike
1285,Easy-Bike
1286,Easy-Bike
1287,Easy-Bike
1288,Easy-Bike
1289,Easy-Bike
1290,Easy-Bike
1291,Easy-Bike
1292,Easy-Bike
1293,Easy-Bike
1294,Easy-Bike
1295,Easy-Bike
1296,Easy-Bike
1297,Easy-Bike
1298,Easy-Bike
1299,Easy-Bike
1300,Easy-Bike
1301,Easy-Bike
1302,Easy-Bike
1303,Easy-Bike
1304,Easy-Bike
1305,Easy-Bike
1306,Easy-Bike
1307,Easy-Bike
1308,Easy-Bike
1309,Easy-Bike
1310,Easy-Bike
1311,Easy-Bike
1312,Easy-Bike
1313,Easy-Bike
1314,Easy-Bike
1315,Easy-Bike
1316,Easy-Bike
1317,Easy-Bike
1318,Easy-Bike
1319,Easy-Bike
1320,Easy-Bike
1321,Easy-Bike
1322,Easy-Bike
1323,Easy-Bike
1324,Easy-Bike
1325,Easy-Bike
1326,Easy-Bike
1327,Easy-Bike
1328,Easy-Bike
1329,Easy-Bike
1330,Easy-Bike
1331,Easy-Bike
1332,Easy-Bike
1333,Easy-Bike
1334,Easy-Bike
1335,Easy-Bike
1336,Easy-Bike
1337,Easy-Bike
1338,Easy-Bike
1339,Easy-Bike
1340,Easy-Bike
1341,Easy-Bike
1342,Easy-Bike
1343,Easy-Bike
1344,Easy-Bike
1345,Easy-Bike
1346,Easy-Bike
1347,Easy-Bike
1348,Easy-Bike
1349,Easy-Bike
1350,Easy-Bike
1351,Easy-Bike
1352,Easy-Bike
1353,Easy-Bike
1354,Easy-Bike
1355,Easy-Bike
1356,Easy-Bike
1357,Easy-Bike
1358,Easy-Bike
1359,Easy-Bike
1360,Easy-Bike
1361,Easy-Bike
1362,Easy-Bike
1363,Easy-Bike
1364,Easy-Bike
1365,Easy-Bike
1366,Easy-Bike
1367,Easy-Bike
1368,Easy-Bike
1369,Easy-Bike
1370,Easy-Bike
1371,Easy-Bike
1372,Easy-Bike
1373,Easy-Bike
1374,Easy-Bike
1375,Easy-Bike
1376,Easy-Bike
1377,Easy-Bike
1378,Easy-Bike
1379,Easy-Bike
1380,Easy-Bike
1381,Easy-Bike
1382,Easy-Bike
1383,Easy-Bike
1384,Easy-Bike
1385,Easy-Bike
1386,Easy-Bike
1387,Easy-Bike
1388,Easy-Bike
1389,Easy-Bike
1390,Easy-Bike
1391,Easy-Bike
1392,Easy-Bike
1393,Easy-Bike
1394,Easy-Bike
1395,Easy-Bike
1396,Easy-Bike
1397,Easy-Bike
1398,Easy-Bike
1399,Easy-Bike
1400,Easy-Bike
1401,Easy-Bike
1402,Easy-Bike
1403,Easy-Bike
1404,Easy-Bike
1405,Easy-Bike
1406,Easy-Bike
1407,Easy-Bike
1408,Easy-Bike
1409,Easy-Bike
1410,Easy-Bike
1411,Easy-Bike
1412,Easy-Bike
1413,Easy-Bike
1414,Easy-Bike
1415,Easy-Bike
1416,Easy-Bike
1417,Easy-Bike
1418,Easy-Bike
1419,Easy-Bike
1420,Easy-Bike
1421,Easy-Bike
1422,Easy-Bike
1423,Easy-Bike
1424,Easy-Bike
1425,Easy-Bike
1426,Easy-Bike
1427,Easy-Bike
1428,Easy-Bike
1429,Easy-Bike
1430,Easy-Bike
1431,Easy-Bike
1432,Easy-Bike
1433,Easy-Bike
1434,Easy-Bike
1435,Easy-Bike
1436,Easy-Bike
1437,Easy-Bike
1438,Easy-Bike
1439,Easy-Bike
1440,Easy-Bike
1441,Easy-Bike
1442,Easy-Bike
1443,Easy-Bike
1444,Easy-Bike
1445,Easy-Bike
1446,Easy-Bike
1447,Easy-Bike
1448,Easy-Bike
1449,Easy-Bike
1450,Easy-Bike
1451,Easy-Bike
1452,Easy-Bike
1453,Easy-Bike
1454,Easy-Bike
1455,Easy-Bike
1456,Easy-Bike
1457,Easy-Bike
1458,Easy-Bike
1459,Easy-Bike
1460,Easy-Bike
1461,Easy-Bike
1462,Easy-Bike
1463,Easy-Bike
1464,Easy-Bike
1465,Easy-Bike
1466,Easy-Bike
1467,Easy-Bike
1468,Easy-Bike
1469,Easy-Bike
1470,Easy-Bike
1471,Easy-Bike
1472,Easy-Bike
1473,Easy-Bike
1474,Easy-Bike
1475,Easy-Bike
1476,Easy-Bike
1477,Easy-Bike
1478,Easy-Bike
1479,Easy-Bike
1480,Easy-Bike
1481,Easy-Bike
1482,Easy-Bike
1483,Easy-Bike
1484,Easy-Bike
1485,Easy-Bike
1486,Easy-Bike
1487,Easy-Bike
1488,Easy-Bike
1489,Easy-Bike
1490,Easy-Bike
1491,Easy-Bike
1492,Easy-Bike
1493,Easy-Bike
1494,Easy-Bike
1495,Easy-Bike
1496,Easy-Bike
1497,Easy-Bike
1498,Easy-Bike
1499,Easy-Bike
1500,Easy-Bike
1501,Easy-Bike
1502,Easy-Bike
1503,Easy-Bike
1504,Easy-Bike
1505,Easy-Bike
1506,Easy-Bike
1507,Easy-Bike
1508,Easy-Bike
1509,Easy-Bike
1510,Easy-Bike
1511,Easy-Bike
1512,Easy-Bike
1513,Easy-Bike
1514,Easy-Bike
1515,Easy-Bike
1516,Easy-Bike
1517,Easy-Bike
1518,Easy-Bike
1519,Easy-Bike
1520,Easy-Bike
1521,Easy-Bike
1522,Easy-Bike
1523,Easy-Bike
1524,Easy-Bike
1525,Easy-Bike
1526,Easy-Bike
1527,Easy-Bike
1528,Easy-Bike
1529,Easy-Bike
1530,Easy-Bike
1531,Easy-Bike
1532,Easy-Bike
1533,Easy-Bike
1534,Easy-Bike
1535,Easy-Bike
1536,Easy-Bike
1537,Easy-Bike
1538,Easy-Bike
1539,Easy-Bike
1540,Easy-Bike
1541,Easy-Bike
1542,Easy-Bike
1543,Easy-Bike
1544,Easy-Bike
1545,Easy-Bike
1546,Easy-Bike
1547,Easy-Bike
1548,Easy-Bike
1549,Easy-Bike
1550,Easy-Bike
1551,Easy-Bike
1552,Easy-Bike
1553,Easy-Bike
1554,Easy-Bike
1555,Easy-Bike
1556,Easy-Bike
1557,Easy-Bike
1558,Easy-Bike
1559,Easy-Bike
1560,Easy-Bike
1561,Easy-Bike
1562,Easy-Bike
1563,Easy-Bike
1564,Easy-Bike
1565,Easy-Bike
1566,Easy-Bike
1567,Easy-Bike
1568,Easy-Bike
1569,Easy-Bike
1570,Easy-Bike
1571,Easy-Bike
1572,Easy-Bike
1573,Easy-Bike
1574,Easy-Bike
1575,Easy-Bike
1576,Easy-Bike
1577,Easy-Bike
1578,Easy-Bike
1579,Easy-Bike
1580,Easy-Bike
1581,Easy-Bike
1582,Easy-Bike
1583,Easy-Bike
1584,Easy-Bike
1585,Easy-Bike
1586,Easy-Bike
1587,Easy-Bike
1588,Easy-Bike
1589,Easy-Bike
1590,Easy-Bike
1591,Easy-Bike
1592,Easy-Bike
1593,Easy-Bike
1594,Easy-Bike
1595,Easy-Bike
1596,Easy-Bike
1597,Easy-Bike
1598,Easy-Bike
1599,Easy-Bike
1600,Easy-Bike
1601,Easy-Bike
1602,Easy-Bike
1603,Easy-Bike
1604,Easy-Bike
1605,Easy-Bike
1606,Easy-Bike
1607,Easy-Bike
1608,Easy-Bike
1609,Easy-Bike
1610,Easy-Bike
1611,Easy-Bike
1612,Easy-Bike
1613,Easy-Bike
1614,Easy-Bike
1615,Easy-Bike
1616,Easy-Bike
1617,Easy-Bike
1618,Easy-Bike
1619,Easy-Bike
1620,Easy-Bike
1621,Easy-Bike
1622,Easy-Bike
1623,Easy-Bike
1624,Easy-Bike
1625,Easy-Bike
1626,Easy-Bike
1627,Easy-Bike
1628,Easy-Bike
1629,Easy-Bike
1630,Easy-Bike
1631,Easy-Bike
1632,Easy-Bike
1633,Easy-Bike
1634,Easy-Bike
1635,Easy-Bike
1636,Easy-Bike
1637,Easy-Bike
1638,Easy-Bike
1639,Easy-Bike
1640,Easy-Bike
1641,Easy-Bike
1642,Easy-Bike
1643,Easy-Bike
1644,Easy-Bike
1645,Easy-Bike
1646,Easy-Bike
1647,Easy-Bike
1648,Easy-Bike
1649,Easy-Bike
1650,Easy-Bike
1651,Easy-Bike
1652,Easy-Bike
1653,Easy-Bike
1654,Easy-Bike
1655,Easy-Bike
1656,Easy-Bike
1657,Easy-Bike
1658,Easy-Bike
1659,Easy-Bike
1660,Easy-Bike
1661,Easy-Bike
1662,Easy-Bike
1663,Easy-Bike
1664,Easy-Bike
1665,Easy-Bike
1666,Easy-Bike
1667,Easy-Bike
1668,Easy-Bike
1669,Easy-Bike
1670,Easy-Bike
1671,Easy-Bike
1672,Easy-Bike
1673,Easy-Bike
1674,Easy-Bike
1675,Easy-Bike
1676,Easy-Bike
1677,Easy-Bike
1678,Easy-Bike
1679,Easy-Bike
1680,Easy-Bike
1681,Easy-Bike
1682,Easy-Bike
1683,Easy-Bike
1684,Easy-Bike
1685,Easy-Bike
1686,Easy-Bike
1687,Easy-Bike
1688,Easy-Bike
1689,Easy-Bike
1690,Easy-Bike
1691,Easy-Bike
1692,Easy-Bike
1693,Easy-Bike
1694,Easy-Bike
1695,Easy-Bike
1696,Easy-Bike
1697,Easy-Bike
1698,Easy-Bike
1699,Easy-Bike
1700,Easy-Bike
1701,Easy-Bike
1702,Easy-Bike
1703,Easy-Bike
1704,Easy-Bike
1705,Easy-Bike
1706,Easy-Bike
1707,Easy-Bike
1708,Easy-Bike
1709,Easy-Bike
1710,Easy-Bike
1711,Easy-Bike
1712,Easy-Bike
1713,Easy-Bike
1714,Easy-Bike
1715,Easy-Bike
1716,Easy-Bike
1717,CNG
1718,CNG
1719,CNG
1720,CNG
1721,CNG
1722,CNG
1723,CNG
1724,CNG
1725,CNG
1726,CNG
1727,CNG
1728,CNG
1729,CNG
1730,CNG
1731,CNG
1732,CNG
1733,CNG
1734,CNG
1735,CNG
1736,CNG
1737,CNG
1738,CNG
1739,CNG
1740,CNG
1741,CNG
1742,CNG
1743,CNG
1744,CNG
1745,CNG
1746,CNG
1747,CNG
1748,CNG
1749,CNG
1750,CNG
1751,CNG
1752,CNG
1753,CNG
1754,CNG
1755,CNG
1756,CNG
1757,CNG
1758,CNG
1759,CNG
1760,CNG
1761,CNG
1762,CNG
1763,CNG
1764,CNG
1765,CNG
1766,CNG
1767,CNG
1768,CNG
1769,CNG
1770,CNG
1771,CNG
1772,CNG
1773,CNG
1774,CNG
1775,CNG
1776,CNG
1777,CNG
1778,CNG
1779,CNG
1780,CNG
1781,CNG
1782,CNG
1783,CNG
1784,CNG
1785,CNG
1786,CNG
1787,CNG
1788,CNG
1789,CNG
1790,CNG
1791,CNG
1792,CNG
1793,CNG
1794,CNG
1795,CNG
1796,CNG
1797,CNG
1798,CNG
1799,CNG
1800,CNG
1801,CNG
1802,CNG
1803,CNG
1804,CNG
1805,CNG
1806,CNG
1807,CNG
1808,CNG
1809,CNG
1810,CNG
1811,CNG
1812,CNG
1813,CNG
1814,CNG
1815,CNG
1816,CNG
1817,CNG
1818,CNG
1819,CNG
1820,CNG
1821,CNG
1822,CNG
1823,CNG
1824,CNG
1825,CNG
1826,CNG
1827,CNG
1828,CNG
1829,CNG
1830,CNG
1831,CNG
1832,CNG
1833,CNG
1834,CNG
1835,CNG
1836,CNG
1837,CNG
1838,CNG
1839,CNG
1840,CNG
1841,CNG
1842,CNG
1843,CNG
1844,CNG
1845,CNG
1846,CNG
1847,CNG
1848,CNG
1849,CNG
1850,CNG
1851,CNG
1852,CNG
1853,CNG
1854,CNG
1855,CNG
1856,CNG
1857,CNG
1858,CNG
1859,CNG
1860,CNG
1861,CNG
1862,CNG
1863,CNG
1864,CNG
1865,CNG
1866,CNG
1867,CNG
1868,CNG
1869,CNG
1870,CNG
1871,CNG
1872,CNG
1873,CNG
1874,CNG
1875,CNG
1876,CNG
1877,CNG
1878,CNG
1879,CNG
1880,CNG
1881,CNG
1882,CNG
1883,CNG
1884,CNG
1885,CNG
1886,CNG
1887,CNG
1888,CNG
1889,CNG
1890,CNG
1891,CNG
1892,CNG
1893,CNG
1894,CNG
1895,CNG
1896,CNG
1897,CNG
1898,CNG
1899,CNG
1900,CNG
1901,CNG
1902,CNG
1903,CNG
1904,CNG
1905,CNG
1906,CNG
1907,CNG
1908,CNG
1909,CNG
1910,CNG
1911,CNG
1912,CNG
1913,CNG
1914,CNG
1915,CNG
1916,CNG
1917,CNG
1918,CNG
1919,CNG
1920,CNG
1921,CNG
1922,CNG
1923,CNG
1924,CNG
1925,CNG
1926,CNG
1927,CNG
1928,CNG
1929,CNG
1930,CNG
1931,CNG
1932,CNG
1933,CNG
1934,CNG
1935,CNG
1936,CNG
1937,CNG
1938,CNG
1939,CNG
1940,CNG
1941,CNG
1942,CNG
1943,CNG
1944,CNG
1945,CNG
1946,CNG
1947,CNG
1948,CNG
1949,CNG
1950,CNG
1951,CNG
1952,CNG
1953,CNG
1954,CNG
1955,CNG
1956,CNG
1957,CNG
1958,CNG
1959,CNG
1960,CNG
1961,CNG
1962,CNG
1963,CNG
1964,CNG
1965,CNG
1966,CNG
1967,CNG
1968,CNG
1969,CNG
1970,CNG
1971,CNG
1972,CNG
1973,CNG
1974,CNG
1975,CNG
1976,CNG
1977,CNG
1978,CNG
1979,CNG
1980,CNG
1981,CNG
1982,CNG
1983,CNG
1984,CNG
1985,CNG
1986,CNG
1987,CNG
1988,CNG
1989,CNG
1990,CNG
1991,CNG
1992,CNG
1993,CNG
1994,CNG
1995,CNG
1996,CNG
1997,CNG
1998,CNG
1999,CNG
2000,CNG
2001,CNG
2002,CNG
2003,CNG
2004,CNG
2005,CNG
2006,CNG
2007,CNG
2008,CNG
2009,CNG
2010,CNG
2011,CNG
2012,CNG
2013,CNG
2014,CNG
2015,CNG
2016,CNG
2017,CNG
2018,CNG
2019,CNG
2020,CNG
2021,CNG
2022,CNG
2023,CNG
2024,CNG
2025,CNG
2026,CNG
2027,CNG
2028,CNG
2029,CNG
2030,CNG
2031,CNG
2032,CNG
2033,CNG
2034,CNG
2035,CNG
2036,CNG
2037,CNG
2038,CNG
2039,CNG
2040,CNG
2041,CNG
2042,CNG
2043,CNG
2044,CNG
2045,CNG
2046,CNG
2047,CNG
2048,CNG
2049,CNG
2050,CNG
2051,CNG
2052,CNG
2053,CNG
2054,CNG
2055,CNG
2056,CNG
2057,CNG
2058,CNG
2059,CNG
2060,CNG
2061,CNG
2062,CNG
2063,CNG
2064,CNG
2065,CNG
2066,CNG
2067,CNG
2068,CNG
2069,CNG
2070,CNG
2071,CNG
2072,CNG
2073,CNG
2074,CNG
2075,CNG
2076,CNG
2077,CNG
2078,CNG
2079,CNG
2080,CNG
2081,CNG
2082,CNG
2083,CNG
2084,CNG
2085,CNG
2086,CNG
2087,CNG
2088,CNG
2089,CNG
2090,CNG
2091,CNG
2092,CNG
2093,CNG
2094,CNG
2095,CNG
2096,CNG
2097,CNG
2098,CNG
2099,CNG
2100,CNG
2101,CNG
2102,CNG
2103,CNG
2104,CNG
2105,CNG
2106,CNG
2107,CNG
2108,CNG
2109,CNG
2110,CNG
2111,CNG
2112,CNG
2113,CNG
2114,CNG
2115,CNG
2116,CNG
2117,CNG
2118,CNG
2119,CNG
2120,CNG
2121,CNG
2122,CNG
2123,CNG
2124,CNG
2125,CNG
2126,CNG
2127,CNG
2128,CNG
2129,CNG
2130,CNG
2131,CNG
2132,CNG
2133,CNG
2134,CNG
2135,CNG
2136,CNG
2137,CNG
2138,CNG
2139,CNG
2140,CNG
2141,CNG
2142,CNG
2143,CNG
2144,CNG
2145,CNG
2146,CNG
2147,CNG
2148,CNG
2149,CNG
2150,CNG
2151,CNG
2152,CNG
2153,CNG
2154,CNG
2155,CNG
2156,CNG
2157,CNG
2158,CNG
2159,CNG
2160,CNG
2161,CNG
2162,CNG
2163,CNG
2164,CNG
2165,CNG
2166,CNG
2167,CNG
2168,CNG
2169,CNG
2170,CNG
2171,CNG
2172,CNG
2173,CNG
2174,CNG
2175,CNG
2176,CNG
2177,CNG
2178,CNG
2179,CNG
2180,CNG
2181,CNG
2182,CNG
2183,CNG
2184,CNG
2185,CNG
2186,CNG
2187,CNG
2188,CNG
2189,CNG
2190,CNG
2191,CNG
2192,CNG
2193,CNG
2194,CNG
2195,CNG
2196,CNG
2197,CNG
2198,CNG
2199,CNG
2200,CNG
2201,CNG
2202,CNG
2203,CNG
2204,CNG
2205,CNG
2206,CNG
2207,CNG
2208,CNG
2209,CNG
2210,CNG
2211,CNG
2212,CNG
2213,CNG
2214,CNG
2215,CNG
2216,CNG
2217,CNG
2218,CNG
2219,CNG
2220,CNG
2221,CNG
2222,CNG
2223,CNG
2224,CNG
2225,CNG
2226,CNG
2227,CNG
2228,CNG
2229,CNG
2230,CNG
2231,CNG
2232,CNG
2233,CNG
2234,CNG
2235,CNG
2236,CNG
2237,CNG
2238,CNG
2239,CNG
2240,CNG
2241,CNG
2242,CNG
2243,CNG
2244,CNG
2245,CNG
2246,CNG
2247,CNG
2248,CNG
2249,CNG
2250,CNG
2251,CNG
2252,CNG
2253,CNG
2254,CNG
2255,CNG
2256,CNG
2257,CNG
2258,CNG
2259,CNG
2260,CNG
2261,CNG
2262,CNG
2263,CNG
2264,CNG
2265,CNG
2266,CNG
2267,CNG
2268,CNG
2269,CNG
2270,CNG
2271,CNG
2272,CNG
2273,CNG
2274,CNG
2275,CNG
2276,CNG
2277,CNG
2278,CNG
2279,CNG
2280,CNG
2281,CNG
2282,CNG
2283,CNG
2284,CNG
2285,CNG
2286,CNG
2287,CNG
2288,CNG
2289,CNG
2290,CNG
2291,CNG
2292,CNG
2293,CNG
2294,CNG
2295,CNG
2296,CNG
2297,CNG
2298,CNG
2299,CNG
2300,CNG
2301,CNG
2302,CNG
2303,CNG
2304,CNG
2305,CNG
2306,CNG
2307,CNG
2308,CNG
2309,CNG
2310,CNG
2311,CNG
2312,CNG
2313,CNG
2314,CNG
2315,CNG
2316,CNG
2317,CNG
2318,CNG
2319,CNG
2320,CNG
2321,CNG
2322,CNG
2323,CNG
2324,CNG
2325,CNG
2326,CNG
2327,CNG
2328,CNG
2329,CNG
2330,CNG
2331,CNG
2332,CNG
2333,CNG
2334,CNG
2335,CNG
2336,CNG
2337,CNG
2338,CNG
2339,CNG
2340,CNG
2341,CNG
2342,CNG
2343,CNG
2344,CNG
2345,CNG
2346,CNG
2347,CNG
2348,CNG
2349,CNG
2350,CNG
2351,CNG
2352,CNG
2353,CNG
2354,CNG
2355,CNG
2356,CNG
2357,CNG
2358,CNG
2359,CNG
2360,CNG
2361,Hatchback
2362,Hatchback
2363,Hatchback
2364,Hatchback
2365,Hatchback
2366,Hatchback
2367,Hatchback
2368,Hatchback
2369,Hatchback
2370,Hatchback
2371,Hatchback
2372,Hatchback
2373,Hatchback
2374,Hatchback
2375,Hatchback
2376,Hatchback
2377,Hatchback
2378,Hatchback
2379,Hatchback
2380,Hatchback
2381,Hatchback
2382,Hatchback
2383,Hatchback
2384,Hatchback
2385,Hatchback
2386,Hatchback
2387,Hatchback
2388,Hatchback
2389,Hatchback
2390,Hatchback
2391,Hatchback
2392,Hatchback
2393,Hatchback
2394,Hatchback
2395,Hatchback
2396,Hatchback
2397,Hatchback
2398,Hatchback
2399,Hatchback
2400,Hatchback
2401,Hatchback
2402,Hatchback
2403,Hatchback
2404,Hatchback
2405,Hatchback
2406,Hatchback
2407,Hatchback
2408,Hatchback
2409,Hatchback
2410,Hatchback
2411,Hatchback
2412,Hatchback
2413,Hatchback
2414,Hatchback
2415,Hatchback
2416,Hatchback
2417,Hatchback
2418,Hatchback
2419,Hatchback
2420,Hatchback
2421,Hatchback
2422,Hatchback
2423,Hatchback
2424,Hatchback
2425,Hatchback
2426,Hatchback
2427,Hatchback
2428,Hatchback
2429,Hatchback
2430,Hatchback
2431,Hatchback
2432,Hatchback
2433,Hatchback
2434,Hatchback
2435,Hatchback
2436,Hatchback
2437,Hatchback
2438,Hatchback
2439,Hatchback
2440,Hatchback
2441,Hatchback
2442,Hatchback
2443,Hatchback
2444,Hatchback
2445,Hatchback
2446,Hatchback
2447,Hatchback
2448,Hatchback
2449,Hatchback
2450,Hatchback
2451,Hatchback
2452,Hatchback
2453,Hatchback
2454,Hatchback
2455,Hatchback
2456,Hatchback
2457,Hatchback
2458,Hatchback
2459,Hatchback
2460,Hatchback
2461,Hatchback
2462,Hatchback
2463,Hatchback
2464,Hatchback
2465,Hatchback
2466,Hatchback
2467,Hatchback
2468,Hatchback
2469,Hatchback
2470,Hatchback
2471,Hatchback
2472,Hatchback
2473,Hatchback
2474,Hatchback
2475,Hatchback
2476,Hatchback
2477,Hatchback
2478,Hatchback
2479,Hatchback
2480,Hatchback
2481,Hatchback
2482,Hatchback
2483,Hatchback
2484,Hatchback
2485,Hatchback
2486,Hatchback
2487,Hatchback
2488,Hatchback
2489,Hatchback
2490,Hatchback
2491,Hatchback
2492,Hatchback
2493,Hatchback
2494,Hatchback
2495,Hatchback
2496,Hatchback
2497,Hatchback
2498,Hatchback
2499,Hatchback
2500,Hatchback
2501,Hatchback
2502,Hatchback
2503,Hatchback
2504,Hatchback
2505,Hatchback
2506,Hatchback
2507,Hatchback
2508,Hatchback
2509,Hatchback
2510,Hatchback
2511,Hatchback
2512,Hatchback
2513,Hatchback
2514,Hatchback
2515,Hatchback
2516,Hatchback
2517,Hatchback
2518,Hatchback
2519,Hatchback
2520,Hatchback
2521,Hatchback
2522,Hatchback
2523,Hatchback
2524,Hatchback
2525,Hatchback
2526,Hatchback
2527,Hatchback
2528,Hatchback
2529,Hatchback
2530,Hatchback
2531,Hatchback
2532,Hatchback
2533,Hatchback
2534,Hatchback
2535,Hatchback
2536,Hatchback
2537,Hatchback
2538,Hatchback
2539,Hatchback
2540,Hatchback
2541,Hatchback
2542,Hatchback
2543,Hatchback
2544,Hatchback
2545,Hatchback
2546,Hatchback
2547,Hatchback
2548,Hatchback
2549,Hatchback
2550,Hatchback
2551,Hatchback
2552,Hatchback
2553,Hatchback
2554,Hatchback
2555,Hatchback
2556,Hatchback
2557,Hatchback
2558,Hatchback
2559,Hatchback
2560,Hatchback
2561,Hatchback
2562,Hatchback
2563,Hatchback
2564,Hatchback
2565,Hatchback
2566,Hatchback
2567,Hatchback
2568,Hatchback
2569,Hatchback
2570,Hatchback
2571,Hatchback
2572,Hatchback
2573,Hatchback
2574,Hatchback
2575,Hatchback
2576,Hatchback
2577,Hatchback
2578,Hatchback
2579,Hatchback
2580,Hatchback
2581,Hatchback
2582,Hatchback
2583,Hatchback
2584,Hatchback
2585,Hatchback
2586,Hatchback
2587,Hatchback
2588,Hatchback
2589,Hatchback
2590,Hatchback
2591,Hatchback
2592,Hatchback
2593,Hatchback
2594,Hatchback
2595,Hatchback
2596,Hatchback
2597,Hatchback
2598,Hatchback
2599,Hatchback
2600,Hatchback
2601,Hatchback
2602,Hatchback
2603,Hatchback
2604,Hatchback
2605,Hatchback
2606,Hatchback
2607,Hatchback
2608,Hatchback
2609,Hatchback
2610,Hatchback
2611,Hatchback
2612,Hatchback
2613,Hatchback
2614,Hatchback
2615,Hatchback
2616,Hatchback
2617,Hatchback
2618,Hatchback
2619,Hatchback
2620,Hatchback
2621,Hatchback
2622,Hatchback
2623,Hatchback
2624,Hatchback
2625,Hatchback
2626,Hatchback
2627,Hatchback
2628,Hatchback
2629,Hatchback
2630,Hatchback
2631,Hatchback
2632,Hatchback
2633,Hatchback
2634,Hatchback
2635,Hatchback
2636,Hatchback
2637,Hatchback
2638,Hatchback
2639,Hatchback
2640,Hatchback
2641,Hatchback
2642,Hatchback
2643,Hatchback
2644,Hatchback
2645,Hatchback
2646,Hatchback
2647,Hatchback
2648,Hatchback
2649,Hatchback
2650,Hatchback
2651,Hatchback
2652,Hatchback
2653,Hatchback
2654,Hatchback
2655,Hatchback
2656,Hatchback
2657,Hatchback
2658,Hatchback
2659,Hatchback
2660,Hatchback
2661,Hatchback
2662,Hatchback
2663,Hatchback
2664,Hatchback
2665,Hatchback
2666,Hatchback
2667,Hatchback
2668,Hatchback
2669,Hatchback
2670,Hatchback
2671,Hatchback
2672,Hatchback
2673,Hatchback
2674,Hatchback
2675,Hatchback
2676,Hatchback
2677,Hatchback
2678,Hatchback
2679,Hatchback
2680,Hatchback
2681,Hatchback
2682,Hatchback
2683,Hatchback
2684,Hatchback
2685,Hatchback
2686,Hatchback
2687,Hatchback
2688,Hatchback
2689,Hatchback
2690,Hatchback
2691,Hatchback
2692,Hatchback
2693,Hatchback
2694,Hatchback
2695,Hatchback
2696,Hatchback
2697,Hatchback
2698,Hatchback
2699,Hatchback
2700,Hatchback
2701,Hatchback
2702,Hatchback
2703,Hatchback
2704,Hatchback
2705,Hatchback
2706,Hatchback
2707,Hatchback
2708,Hatchback
2709,Hatchback
2710,Hatchback
2711,Hatchback
2712,Hatchback
2713,Hatchback
2714,Hatchback
2715,Hatchback
2716,Hatchback
2717,Hatchback
2718,Hatchback
2719,Hatchback
2720,Hatchback
2721,Hatchback
2722,Hatchback
2723,Hatchback
2724,Hatchback
2725,Hatchback
2726,Hatchback
2727,Hatchback
2728,Hatchback
2729,Hatchback
2730,Hatchback
2731,Hatchback
2732,Hatchback
2733,Hatchback
2734,Hatchback
2735,Hatchback
2736,Hatchback
2737,Hatchback
2738,Hatchback
2739,Hatchback
2740,Hatchback
2741,Hatchback
2742,Hatchback
2743,Hatchback
2744,Hatchback
2745,Hatchback
2746,Hatchback
2747,Hatchback
2748,Hatchback
2749,Hatchback
2750,Hatchback
2751,Hatchback
2752,Hatchback
2753,Hatchback
2754,Hatchback
2755,Hatchback
2756,Hatchback
2757,Hatchback
2758,Hatchback
2759,Hatchback
2760,Hatchback
2761,Hatchback
2762,Hatchback
2763,Hatchback
2764,Hatchback
2765,Hatchback
2766,Hatchback
2767,Hatchback
2768,Hatchback
2769,Hatchback
2770,Hatchback
2771,Hatchback
2772,Hatchback
2773,Hatchback
2774,Hatchback
2775,Hatchback
2776,Hatchback
2777,Hatchback
2778,Hatchback
2779,Hatchback
2780,Hatchback
2781,Hatchback
2782,Hatchback
2783,Hatchback
2784,Hatchback
2785,Hatchback
2786,Hatchback
2787,Hatchback
2788,Hatchback
2789,Hatchback
2790,Hatchback
2791,Hatchback
2792,Hatchback
2793,Hatchback
2794,Hatchback
2795,Hatchback
2796,Hatchback
2797,Hatchback
2798,Hatchback
2799,Hatchback
2800,Hatchback
2801,Hatchback
2802,Hatchback
2803,Hatchback
2804,Hatchback
2805,Hatchback
2806,Hatchback
2807,Hatchback
2808,Hatchback
2809,Hatchback
2810,Hatchback
2811,Hatchback
2812,Hatchback
2813,Hatchback
2814,Hatchback
2815,Hatchback
2816,Hatchback
2817,Hatchback
2818,Hatchback
2819,Hatchback
2820,Hatchback
2821,Hatchback
2822,Hatchback
2823,Hatchback
2824,Hatchback
2825,Hatchback
2826,Hatchback
2827,Hatchback
2828,Hatchback
2829,SEDAN
2830,SEDAN
2831,SEDAN
2832,SEDAN
2833,SEDAN
2834,SEDAN
2835,SEDAN
2836,SEDAN
2837,SEDAN
2838,SEDAN
2839,SEDAN
2840,SEDAN
2841,SEDAN
2842,SEDAN
2843,SEDAN
2844,SEDAN
2845,SEDAN
2846,SEDAN
2847,SEDAN
2848,SEDAN
2849,SEDAN
2850,SEDAN
2851,SEDAN
2852,SEDAN
2853,SEDAN
2854,SEDAN
2855,SEDAN
2856,SEDAN
2857,SEDAN
2858,SEDAN
2859,SEDAN
2860,SEDAN
2861,SEDAN
2862,SEDAN
2863,SEDAN
2864,SEDAN
2865,SEDAN
2866,SEDAN
2867,SEDAN
2868,SEDAN
2869,SEDAN
2870,SEDAN
2871,SEDAN
2872,SEDAN
2873,SEDAN
2874,SEDAN
2875,SEDAN
2876,SEDAN
2877,SEDAN
2878,SEDAN
2879,SEDAN
2880,SEDAN
2881,SEDAN
2882,SEDAN
2883,SEDAN
2884,SEDAN
2885,SEDAN
2886,SEDAN
2887,SEDAN
2888,SEDAN
2889,SEDAN
2890,SEDAN
2891,SEDAN
2892,SEDAN
2893,SEDAN
2894,SEDAN
2895,SEDAN
2896,SEDAN
2897,SEDAN
2898,SEDAN
2899,SEDAN
2900,SEDAN
2901,SEDAN
2902,SEDAN
2903,SEDAN
2904,SEDAN
2905,SEDAN
2906,SEDAN
2907,SEDAN
2908,SEDAN
2909,SEDAN
2910,SEDAN
2911,SEDAN
2912,SEDAN
2913,SEDAN
2914,SEDAN
2915,SEDAN
2916,SEDAN
2917,SEDAN
2918,SEDAN
2919,SEDAN
2920,SEDAN
2921,SEDAN
2922,SEDAN
2923,SEDAN
2924,SEDAN
2925,SEDAN
2926,SEDAN
2927,SEDAN
2928,SEDAN
2929,SEDAN
2930,SEDAN
2931,SEDAN
2932,SEDAN
2933,SEDAN
2934,SEDAN
2935,SEDAN
2936,SEDAN
2937,SEDAN
2938,SEDAN
2939,SEDAN
2940,SEDAN
2941,SEDAN
2942,SEDAN
2943,SEDAN
2944,SEDAN
2945,SEDAN
2946,SEDAN
2947,SEDAN
2948,SEDAN
2949,SEDAN
2950,SEDAN
2951,SEDAN
2952,SEDAN
2953,SEDAN
2954,SEDAN
2955,SEDAN
2956,SEDAN
2957,SEDAN
2958,SEDAN
2959,SEDAN
2960,SEDAN
2961,SEDAN
2962,SEDAN
2963,SEDAN
2964,SEDAN
2965,SEDAN
2966,SEDAN
2967,SEDAN
2968,SEDAN
2969,SEDAN
2970,SEDAN
2971,SEDAN
2972,SEDAN
2973,SEDAN
2974,SEDAN
2975,SEDAN
2976,SEDAN
2977,SEDAN
2978,SEDAN
2979,SEDAN
2980,SEDAN
2981,SEDAN
2982,SEDAN
2983,SEDAN
2984,SEDAN
2985,SEDAN
2986,SEDAN
2987,SEDAN
2988,SEDAN
2989,SEDAN
2990,SEDAN
2991,SEDAN
2992,SEDAN
2993,SEDAN
2994,SEDAN
2995,SEDAN
2996,SEDAN
2997,SEDAN
2998,SEDAN
2999,SEDAN
3000,SEDAN
3001,SEDAN
3002,SEDAN
3003,SEDAN
3004,SEDAN
3005,SEDAN
3006,SEDAN
3007,SEDAN
3008,SEDAN
3009,SEDAN
3010,SEDAN
3011,SEDAN
3012,SEDAN
3013,SEDAN
3014,SEDAN
3015,SEDAN
3016,SEDAN
3017,SEDAN
3018,SEDAN
3019,SEDAN
3020,SEDAN
3021,SEDAN
3022,SEDAN
3023,SEDAN
3024,SEDAN
3025,SEDAN
3026,SEDAN
3027,SEDAN
3028,SEDAN
3029,SEDAN
3030,SEDAN
3031,SEDAN
3032,SEDAN
3033,SEDAN
3034,SEDAN
3035,SEDAN
3036,SEDAN
3037,SEDAN
3038,SEDAN
3039,SEDAN
3040,SEDAN
3041,SEDAN
3042,SEDAN
3043,SEDAN
3044,SEDAN
3045,SEDAN
3046,SEDAN
3047,SEDAN
3048,SEDAN
3049,SEDAN
3050,SEDAN
3051,SEDAN
3052,SEDAN
3053,SEDAN
3054,SEDAN
3055,SEDAN
3056,SEDAN
3057,SEDAN
3058,SEDAN
3059,SEDAN
3060,SEDAN
3061,SEDAN
3062,SEDAN
3063,SEDAN
3064,SEDAN
3065,SEDAN
3066,SEDAN
3067,SEDAN
3068,SEDAN
3069,SEDAN
3070,SEDAN
3071,SEDAN
3072,SEDAN
3073,SEDAN
3074,SEDAN
3075,SEDAN
3076,SEDAN
3077,SEDAN
3078,SEDAN
3079,SEDAN
3080,SEDAN
3081,SEDAN
3082,SEDAN
3083,SEDAN
3084,SEDAN
3085,SEDAN
3086,SEDAN
3087,SEDAN
3088,SEDAN
3089,SEDAN
3090,SEDAN
3091,SEDAN
3092,SEDAN
3093,SEDAN
3094,SEDAN
3095,SEDAN
3096,SEDAN
3097,SEDAN
3098,SEDAN
3099,SEDAN
3100,SEDAN
3101,SEDAN
3102,SEDAN
3103,SEDAN
3104,SEDAN
3105,SEDAN
3106,SEDAN
3107,SEDAN
3108,SEDAN
3109,SEDAN
3110,SEDAN
3111,SEDAN
3112,SEDAN
3113,SEDAN
3114,SEDAN
3115,SEDAN
3116,SEDAN
3117,SEDAN
3118,SEDAN
3119,SEDAN
3120,SEDAN
3121,SEDAN
3122,SEDAN
3123,SEDAN
3124,SEDAN
3125,SEDAN
3126,SEDAN
3127,SEDAN
3128,SEDAN
3129,SEDAN
3130,SEDAN
3131,SEDAN
3132,SEDAN
3133,SEDAN
3134,SEDAN
3135,SEDAN
3136,SEDAN
3137,SEDAN
3138,SEDAN
3139,SEDAN
3140,SEDAN
3141,SEDAN
3142,SEDAN
3143,SEDAN
3144,SEDAN
3145,SEDAN
3146,SEDAN
3147,SEDAN
3148,SEDAN
3149,SEDAN
3150,SEDAN
3151,SEDAN
3152,SEDAN
3153,SEDAN
3154,SEDAN
3155,SEDAN
3156,SEDAN
3157,SEDAN
3158,SEDAN
3159,SEDAN
3160,SEDAN
3161,SEDAN
3162,SEDAN
3163,SEDAN
3164,SEDAN
3165,SEDAN
3166,SEDAN
3167,SEDAN
3168,SEDAN
3169,SEDAN
3170,SEDAN
3171,SEDAN
3172,SEDAN
3173,SEDAN
3174,SEDAN
3175,SEDAN
3176,SEDAN
3177,SEDAN
3178,SEDAN
3179,SEDAN
3180,SEDAN
3181,SEDAN
3182,SEDAN
3183,SEDAN
3184,SEDAN
3185,SEDAN
3186,SEDAN
3187,SEDAN
3188,SEDAN
3189,SEDAN
3190,SEDAN
3191,SEDAN
3192,SEDAN
3193,SEDAN
3194,SEDAN
3195,SEDAN
3196,SEDAN
3197,SEDAN
3198,SEDAN
3199,SEDAN
3200,SEDAN
3201,SEDAN
3202,SEDAN
3203,SEDAN
3204,SEDAN
3205,SEDAN
3206,SEDAN
3207,SEDAN
3208,SEDAN
3209,SEDAN
3210,SEDAN
3211,SEDAN
3212,SEDAN
3213,SEDAN
3214,SEDAN
3215,SEDAN
3216,SEDAN
3217,SEDAN
3218,SEDAN
3219,SEDAN
3220,SEDAN
3221,SEDAN
3222,SEDAN
3223,SEDAN
3224,SEDAN
3225,SEDAN
3226,SEDAN
3227,SEDAN
3228,SEDAN
3229,SEDAN
3230,SEDAN
3231,SEDAN
3232,SEDAN
3233,SEDAN
3234,SEDAN
3235,SEDAN
3236,SEDAN
3237,SEDAN
3238,SEDAN
3239,SEDAN
3240,SEDAN
3241,SEDAN
3242,SEDAN
3243,SEDAN
3244,SEDAN
3245,SEDAN
3246,SEDAN
3247,SEDAN
3248,SEDAN
3249,SEDAN
3250,SEDAN
3251,SEDAN
3252,SEDAN
3253,SEDAN
3254,SEDAN
3255,SEDAN
3256,SEDAN
3257,SEDAN
3258,SEDAN
3259,SEDAN
3260,SEDAN
3261,SEDAN
3262,SEDAN
3263,SEDAN
3264,SEDAN
3265,SEDAN
3266,SEDAN
3267,SEDAN
3268,SEDAN
3269,SEDAN
3270,SEDAN
3271,SEDAN
3272,SEDAN
3273,SEDAN
3274,SEDAN
3275,SEDAN
3276,SEDAN
3277,SEDAN
3278,SEDAN
3279,SEDAN
3280,SEDAN
3281,SEDAN
3282,SEDAN
3283,SEDAN
3284,SEDAN
3285,SEDAN
3286,SEDAN
3287,SEDAN
3288,SEDAN
3289,SEDAN
3290,SEDAN
3291,SEDAN
3292,SEDAN
3293,SEDAN
3294,SEDAN
3295,SEDAN
3296,SEDAN
3297,SEDAN
3298,SEDAN
3299,SEDAN
3300,SEDAN
3301,SEDAN
3302,SEDAN
3303,SEDAN
3304,SEDAN
3305,SEDAN
3306,SEDAN
3307,SEDAN
3308,SEDAN
3309,SEDAN
3310,SEDAN
3311,SEDAN
3312,SEDAN
3313,SEDAN
3314,SEDAN
3315,SEDAN
3316,SEDAN
3317,SEDAN
3318,SEDAN
3319,SEDAN
3320,SEDAN
3321,SEDAN
3322,SEDAN
3323,SEDAN
3324,SEDAN
3325,SEDAN
3326,SEDAN
3327,SEDAN
3328,SEDAN
3329,SEDAN
3330,SEDAN
3331,SEDAN
3332,SEDAN
3333,SEDAN
3334,SEDAN
3335,SEDAN
3336,SEDAN
3337,SEDAN
3338,SEDAN
3339,SEDAN
3340,SEDAN
3341,SEDAN
3342,SEDAN
3343,SEDAN
3344,SEDAN
3345,SEDAN
3346,SEDAN
3347,SEDAN
3348,SEDAN
3349,SEDAN
3350,SEDAN
3351,SEDAN
3352,SEDAN
3353,SEDAN
3354,SEDAN
3355,SEDAN
3356,SEDAN
3357,SEDAN
3358,SEDAN
3359,SEDAN
3360,SEDAN
3361,SEDAN
3362,SEDAN
3363,SEDAN
3364,SEDAN
3365,SEDAN
3366,SEDAN
3367,SEDAN
3368,SEDAN
3369,SEDAN
3370,SEDAN
3371,SEDAN
3372,SEDAN
3373,SEDAN
3374,SEDAN
3375,SEDAN
3376,SEDAN
3377,SEDAN
3378,SEDAN
3379,SEDAN
3380,SEDAN
3381,SEDAN
3382,SEDAN
3383,SEDAN
3384,SEDAN
3385,SEDAN
3386,SEDAN
3387,SEDAN
3388,SEDAN
3389,SEDAN
3390,SEDAN
3391,SEDAN
3392,SEDAN
3393,SEDAN
3394,SEDAN
3395,SEDAN
3396,SEDAN
3397,SEDAN
3398,SEDAN
3399,SEDAN
3400,SEDAN
3401,SEDAN
3402,SEDAN
3403,SEDAN
3404,SEDAN
3405,SEDAN
3406,SEDAN
3407,SEDAN
3408,SEDAN
3409,SEDAN
3410,SEDAN
3411,SEDAN
3412,SEDAN
3413,SEDAN
3414,SEDAN
3415,SEDAN
3416,SEDAN
3417,SEDAN
3418,SEDAN
3419,SEDAN
3420,SEDAN
3421,SEDAN
3422,SEDAN
3423,SEDAN
3424,SEDAN
3425,SEDAN
3426,SEDAN
3427,SEDAN
3428,SEDAN
3429,SEDAN
3430,SEDAN
3431,SEDAN
3432,SEDAN
3433,SEDAN
3434,SEDAN
3435,SEDAN
3436,SEDAN
3437,SEDAN
3438,SEDAN
3439,SEDAN
3440,SEDAN
3441,SEDAN
3442,SEDAN
3443,SEDAN
3444,SEDAN
3445,SEDAN
3446,SEDAN
3447,SEDAN
3448,SEDAN
3449,SEDAN
3450,SEDAN
3451,SEDAN
3452,SEDAN
3453,SEDAN
3454,SEDAN
3455,SEDAN
3456,SEDAN
3457,SEDAN
3458,SEDAN
3459,SEDAN
3460,SEDAN
3461,SEDAN
3462,SEDAN
3463,SEDAN
3464,SEDAN
3465,SEDAN
3466,SEDAN
3467,SEDAN
3468,SEDAN
3469,SEDAN
3470,SEDAN
3471,SEDAN
3472,SEDAN
3473,SEDAN
3474,SEDAN
3475,SEDAN
3476,SEDAN
3477,SEDAN
3478,SEDAN
3479,SEDAN
3480,SEDAN
3481,SEDAN
3482,SEDAN
3483,SEDAN
3484,SEDAN
3485,SEDAN
3486,SEDAN
3487,SEDAN
3488,SEDAN
3489,SEDAN
3490,SEDAN
3491,SEDAN
3492,SEDAN
3493,SEDAN
3494,SEDAN
3495,SEDAN
3496,SEDAN
3497,SEDAN
3498,SEDAN
3499,SEDAN
3500,SEDAN
3501,SEDAN
3502,SEDAN
3503,SEDAN
3504,SEDAN
3505,SEDAN
3506,SEDAN
3507,SEDAN
3508,SEDAN
3509,SEDAN
3510,SEDAN
3511,SEDAN
3512,SEDAN
3513,SEDAN
3514,SEDAN
3515,SEDAN
3516,SEDAN
3517,SEDAN
3518,SEDAN
3519,SEDAN
3520,SEDAN
3521,SEDAN
3522,SEDAN
3523,SEDAN
3524,SEDAN
3525,SEDAN
3526,SEDAN
3527,SEDAN
3528,SEDAN
3529,SEDAN
3530,SEDAN
3531,SEDAN
3532,SEDAN
3533,SEDAN
3534,SEDAN
3535,SEDAN
3536,SEDAN
3537,SEDAN
3538,SEDAN
3539,SEDAN
3540,SEDAN
3541,SEDAN
3542,SEDAN
3543,SEDAN
3544,SEDAN
3545,SEDAN
3546,SEDAN
3547,SEDAN
3548,SEDAN
3549,SEDAN
3550,SEDAN
3551,SEDAN
3552,SEDAN
3553,SEDAN
3554,SEDAN
3555,SEDAN
3556,SEDAN
3557,SEDAN
3558,SEDAN
3559,SEDAN
3560,SEDAN
3561,SEDAN
3562,SEDAN
3563,SEDAN
3564,SEDAN
3565,SEDAN
3566,SEDAN
3567,SEDAN
3568,SEDAN
3569,SEDAN
3570,SEDAN
3571,SEDAN
3572,SEDAN
3573,SEDAN
3574,SEDAN
3575,SEDAN
3576,SEDAN
3577,SEDAN
3578,SEDAN
3579,SEDAN
3580,SEDAN
3581,SEDAN
3582,SEDAN
3583,SEDAN
3584,SEDAN
3585,SEDAN
3586,SEDAN
3587,SEDAN
3588,SEDAN
3589,SEDAN
3590,SEDAN
3591,SEDAN
3592,SEDAN
3593,SEDAN
3594,SEDAN
3595,SEDAN
3596,SEDAN
3597,SEDAN
3598,SEDAN
3599,SEDAN
3600,SEDAN
3601,SEDAN
3602,SEDAN
3603,SEDAN
3604,SEDAN
3605,SEDAN
3606,SEDAN
3607,SEDAN
3608,SEDAN
3609,SEDAN
3610,SEDAN
3611,SEDAN
3612,SEDAN
3613,SEDAN
3614,SEDAN
3615,SEDAN
3616,SEDAN
3617,SEDAN
3618,SEDAN
3619,SEDAN
3620,SEDAN
3621,SEDAN
3622,SEDAN
3623,SEDAN
3624,SEDAN
3625,SEDAN
3626,SEDAN
3627,SEDAN
3628,SEDAN
3629,SEDAN
3630,SEDAN
3631,SEDAN
3632,SEDAN
3633,SEDAN
3634,SEDAN
3635,SEDAN
3636,SEDAN
3637,SEDAN
3638,SEDAN
3639,SEDAN
3640,SEDAN
3641,SEDAN
3642,SEDAN
3643,SEDAN
3644,SEDAN
3645,SEDAN
3646,SEDAN
3647,SEDAN
3648,SEDAN
3649,SEDAN
3650,SEDAN
3651,SEDAN
3652,SEDAN
3653,SEDAN
3654,SEDAN
3655,SEDAN
3656,SEDAN
3657,SEDAN
3658,SEDAN
3659,SEDAN
3660,SEDAN
3661,SEDAN
3662,SEDAN
3663,SEDAN
3664,SEDAN
3665,SEDAN
3666,SEDAN
3667,SEDAN
3668,SEDAN
3669,SEDAN
3670,SEDAN
3671,SEDAN
3672,SEDAN
3673,SEDAN
3674,SEDAN
3675,SEDAN
3676,SEDAN
3677,SEDAN
3678,SEDAN
3679,SEDAN
3680,SEDAN
3681,SEDAN
3682,SEDAN
3683,SEDAN
3684,SEDAN
3685,SEDAN
3686,SEDAN
3687,SEDAN
3688,SEDAN
3689,SEDAN
3690,SEDAN
3691,SEDAN
3692,SEDAN
3693,SEDAN
3694,SEDAN
3695,SEDAN
3696,SEDAN
3697,SEDAN
3698,SEDAN
3699,SEDAN
3700,SEDAN
3701,SEDAN
3702,SEDAN
3703,SEDAN
3704,SEDAN
3705,SEDAN
3706,SEDAN
3707,SEDAN
3708,SEDAN
3709,SEDAN
3710,SEDAN
3711,SEDAN
3712,SEDAN
3713,SEDAN
3714,SEDAN
3715,SEDAN
3716,SEDAN
3717,SEDAN
3718,SEDAN
3719,SEDAN
3720,SEDAN
3721,SEDAN
3722,SEDAN
3723,SEDAN
3724,SEDAN
3725,SEDAN
3726,SEDAN
3727,SEDAN
3728,SEDAN
3729,SEDAN
3730,SEDAN
3731,SEDAN
3732,SEDAN
3733,SEDAN
3734,SEDAN
3735,SEDAN
3736,SEDAN
3737,SEDAN
3738,SEDAN
3739,SEDAN
3740,SEDAN
3741,SEDAN
3742,SEDAN
3743,SEDAN
3744,SEDAN
3745,SEDAN
3746,SEDAN
3747,SEDAN
3748,SEDAN
3749,SEDAN
3750,SEDAN
3751,SEDAN
3752,SEDAN
3753,SEDAN
3754,SEDAN
3755,SEDAN
3756,SEDAN
3757,SEDAN
3758,SEDAN
3759,SEDAN
3760,SEDAN
3761,SUV
3762,SUV
3763,SUV
3764,SUV
3765,SUV
3766,SUV
3767,SUV
3768,SUV
3769,SUV
3770,SUV
3771,SUV
3772,SUV
3773,SUV
3774,SUV
3775,SUV
3776,SUV
3777,SUV
3778,SUV
3779,SUV
3780,SUV
3781,SUV
3782,SUV
3783,SUV
3784,SUV
3785,SUV
3786,SUV
3787,SUV
3788,SUV
3789,SUV
3790,SUV
3791,SUV
3792,SUV
3793,SUV
3794,SUV
3795,SUV
3796,SUV
3797,SUV
3798,SUV
3799,SUV
3800,SUV
3801,SUV
3802,SUV
3803,SUV
3804,SUV
3805,SUV
3806,SUV
3807,SUV
3808,SUV
3809,SUV
3810,SUV
3811,SUV
3812,SUV
3813,SUV
3814,SUV
3815,SUV
3816,SUV
3817,SUV
3818,SUV
3819,SUV
3820,SUV
3821,SUV
3822,SUV
3823,SUV
3824,SUV
3825,SUV
3826,SUV
3827,SUV
3828,SUV
3829,SUV
3830,SUV
3831,SUV
3832,SUV
3833,SUV
3834,SUV
3835,SUV
3836,SUV
3837,SUV
3838,SUV
3839,SUV
3840,SUV
3841,SUV
3842,SUV
3843,SUV
3844,SUV
3845,SUV
3846,SUV
3847,SUV
3848,SUV
3849,SUV
3850,SUV
3851,SUV
3852,SUV
3853,SUV
3854,SUV
3855,SUV
3856,SUV
3857,SUV
3858,SUV
3859,SUV
3860,SUV
3861,SUV
3862,SUV
3863,SUV
3864,SUV
3865,SUV
3866,SUV
3867,SUV
3868,SUV
3869,SUV
3870,SUV
3871,SUV
3872,SUV
3873,SUV
3874,SUV
3875,SUV
3876,SUV
3877,SUV
3878,SUV
3879,SUV
3880,SUV
3881,SUV
3882,SUV
3883,SUV
3884,SUV
3885,SUV
3886,SUV
3887,SUV
3888,SUV
3889,SUV
3890,SUV
3891,SUV
3892,SUV
3893,SUV
3894,SUV
3895,SUV
3896,SUV
3897,SUV
3898,SUV
3899,SUV
3900,SUV
3901,SUV
3902,SUV
3903,SUV
3904,SUV
3905,SUV
3906,SUV
3907,SUV
3908,SUV
3909,SUV
3910,SUV
3911,SUV
3912,SUV
3913,SUV
3914,SUV
3915,SUV
3916,SUV
3917,SUV
3918,SUV
3919,SUV
3920,SUV
3921,SUV
3922,SUV
3923,SUV
3924,SUV
3925,SUV
3926,SUV
3927,SUV
3928,SUV
3929,SUV
3930,SUV
3931,SUV
3932,SUV
3933,SUV
3934,SUV
3935,SUV
3936,SUV
3937,SUV
3938,SUV
3939,SUV
3940,SUV
3941,SUV
3942,SUV
3943,SUV
3944,SUV
3945,SUV
3946,SUV
3947,SUV
3948,SUV
3949,SUV
3950,SUV
3951,SUV
3952,SUV
3953,SUV
3954,SUV
3955,SUV
3956,SUV
3957,SUV
3958,SUV
3959,SUV
3960,SUV
3961,SUV
3962,SUV
3963,SUV
3964,SUV
3965,SUV
3966,SUV
3967,SUV
3968,SUV
3969,SUV
3970,SUV
3971,SUV
3972,SUV
3973,SUV
3974,SUV
3975,SUV
3976,SUV
3977,SUV
3978,SUV
3979,SUV
3980,SUV
3981,SUV
3982,SUV
3983,SUV
3984,SUV
3985,SUV
3986,SUV
3987,SUV
3988,SUV
3989,SUV
3990,SUV
3991,SUV
3992,SUV
3993,SUV
3994,SUV
3995,SUV
3996,SUV
3997,SUV
3998,SUV
3999,SUV
4000,SUV
4001,SUV
4002,SUV
4003,SUV
4004,SUV
4005,SUV
4006,SUV
4007,SUV
4008,SUV
4009,SUV
4010,SUV
4011,SUV
4012,SUV
4013,SUV
4014,SUV
4015,SUV
4016,SUV
4017,SUV
4018,SUV
4019,SUV
4020,SUV
4021,SUV
4022,SUV
4023,SUV
4024,SUV
4025,SUV
4026,SUV
4027,SUV
4028,SUV
4029,SUV
4030,SUV
4031,SUV
4032,SUV
4033,SUV
4034,SUV
4035,SUV
4036,SUV
4037,SUV
4038,SUV
4039,SUV
4040,SUV
4041,SUV
4042,SUV
4043,SUV
4044,SUV
4045,SUV
4046,SUV
4047,SUV
4048,SUV
4049,SUV
4050,SUV
4051,SUV
4052,SUV
4053,SUV
4054,SUV
4055,SUV
4056,SUV
4057,SUV
4058,SUV
4059,SUV
4060,SUV
4061,SUV
4062,SUV
4063,SUV
4064,SUV
4065,SUV
4066,SUV
4067,SUV
4068,SUV
4069,SUV
4070,SUV
4071,SUV
4072,SUV
4073,SUV
4074,SUV
4075,SUV
4076,SUV
4077,SUV
4078,SUV
4079,SUV
4080,SUV
4081,SUV
4082,SUV
4083,SUV
4084,SUV
4085,SUV
4086,SUV
4087,SUV
4088,SUV
4089,SUV
4090,SUV
4091,SUV
4092,SUV
4093,SUV
4094,SUV
4095,SUV
4096,SUV
4097,SUV
4098,SUV
4099,SUV
4100,SUV
4101,SUV
4102,SUV
4103,SUV
4104,SUV
4105,SUV
4106,SUV
4107,SUV
4108,SUV
4109,SUV
4110,SUV
4111,SUV
4112,SUV
4113,SUV
4114,SUV
4115,SUV
4116,SUV
4117,SUV
4118,SUV
4119,SUV
4120,SUV
4121,SUV
4122,SUV
4123,SUV
4124,SUV
4125,SUV
4126,SUV
4127,SUV
4128,SUV
4129,SUV
4130,SUV
4131,SUV
4132,SUV
4133,SUV
4134,SUV
4135,SUV
4136,SUV
4137,SUV
4138,SUV
4139,SUV
4140,SUV
4141,SUV
4142,SUV
4143,SUV
4144,SUV
4145,SUV
4146,SUV
4147,SUV
4148,SUV
4149,SUV
4150,SUV
4151,SUV
4152,SUV
4153,SUV
4154,SUV
4155,SUV
4156,SUV
4157,SUV
4158,SUV
4159,SUV
4160,SUV
4161,SUV
4162,SUV
4163,SUV
4164,SUV
4165,SUV
4166,SUV
4167,SUV
4168,SUV
4169,SUV
4170,SUV
4171,SUV
4172,SUV
4173,SUV
4174,SUV
4175,SUV
4176,SUV
4177,SUV
4178,SUV
4179,SUV
4180,SUV
4181,SUV
4182,SUV
4183,SUV
4184,SUV
4185,SUV
4186,SUV
4187,SUV
4188,SUV
4189,SUV
4190,SUV
4191,SUV
4192,SUV
4193,SUV
4194,SUV
4195,SUV
4196,SUV
4197,SUV
4198,SUV
4199,SUV
4200,SUV
4201,SUV
4202,SUV
4203,SUV
4204,SUV
4205,SUV
4206,SUV
4207,SUV
4208,SUV
4209,SUV
4210,SUV
4211,SUV
4212,SUV
4213,SUV
4214,SUV
4215,SUV
4216,SUV
4217,SUV
4218,SUV
4219,SUV
4220,SUV
4221,SUV
4222,SUV
4223,SUV
4224,SUV
4225,SUV
4226,SUV
4227,SUV
4228,SUV
4229,SUV
4230,SUV
4231,SUV
4232,SUV
4233,SUV
4234,SUV
4235,SUV
4236,SUV
4237,SUV
4238,SUV
4239,SUV
4240,SUV
4241,SUV
4242,SUV
4243,SUV
4244,SUV
4245,SUV
4246,SUV
4247,SUV
4248,SUV
4249,SUV
4250,SUV
4251,SUV
4252,SUV
4253,SUV
4254,SUV
4255,SUV
4256,SUV
4257,SUV
4258,SUV
4259,SUV
4260,SUV
4261,SUV
4262,SUV
4263,SUV
4264,SUV
4265,SUV
4266,SUV
4267,SUV
4268,SUV
4269,SUV
4270,SUV
4271,SUV
4272,SUV
4273,SUV
4274,SUV
4275,SUV
4276,SUV
4277,SUV
4278,SUV
4279,SUV
4280,SUV
4281,SUV
4282,SUV
4283,SUV
4284,SUV
4285,SUV
4286,SUV
4287,SUV
4288,SUV
4289,SUV
4290,SUV
4291,SUV
4292,SUV
4293,SUV
4294,SUV
4295,SUV
4296,SUV
4297,SUV
4298,SUV
4299,SUV
4300,SUV
4301,SUV
4302,SUV
4303,SUV
4304,SUV
4305,SUV
4306,SUV
4307,SUV
4308,SUV
4309,SUV
4310,SUV
4311,SUV
4312,SUV
4313,SUV
4314,SUV
4315,SUV
4316,SUV
4317,SUV
4318,SUV
4319,SUV
4320,SUV
4321,SUV
4322,SUV
4323,SUV
4324,SUV
4325,SUV
4326,SUV
4327,SUV
4328,SUV
4329,SUV
4330,SUV
4331,SUV
4332,SUV
4333,SUV
4334,SUV
4335,SUV
4336,SUV
4337,SUV
4338,SUV
4339,SUV
4340,SUV
4341,MPV
4342,MPV
4343,MPV
4344,MPV
4345,MPV
4346,MPV
4347,MPV
4348,MPV
4349,MPV
4350,MPV
4351,MPV
4352,MPV
4353,MPV
4354,MPV
4355,MPV
4356,MPV
4357,MPV
4358,MPV
4359,MPV
4360,MPV
4361,MPV
4362,MPV
4363,MPV
4364,MPV
4365,MPV
4366,MPV
4367,MPV
4368,MPV
4369,MPV
4370,MPV
4371,MPV
4372,MPV
4373,MPV
4374,MPV
4375,MPV
4376,MPV
4377,MPV
4378,MPV
4379,MPV
4380,MPV
4381,MPV
4382,MPV
4383,MPV
4384,MPV
4385,MPV
4386,MPV
4387,MPV
4388,MPV
4389,MPV
4390,MPV
4391,MPV
4392,MPV
4393,MPV
4394,MPV
4395,MPV
4396,MPV
4397,MPV
4398,MPV
4399,MPV
4400,MPV
4401,MPV
4402,MPV
4403,MPV
4404,MPV
4405,MPV
4406,MPV
4407,MPV
4408,MPV
4409,MPV
4410,MPV
4411,MPV
4412,MPV
4413,MPV
4414,MPV
4415,MPV
4416,MPV
4417,MPV
4418,MPV
4419,MPV
4420,MPV
4421,MPV
4422,MPV
4423,MPV
4424,MPV
4425,MPV
4426,MPV
4427,MPV
4428,MPV
4429,MPV
4430,MPV
4431,MPV
4432,MPV
4433,MPV
4434,MPV
4435,MPV
4436,MPV
4437,MPV
4438,MPV
4439,MPV
4440,MPV
4441,MPV
4442,MPV
4443,MPV
4444,MPV
4445,MPV
4446,MPV
4447,MPV
4448,MPV
4449,MPV
4450,MPV
4451,MPV
4452,MPV
4453,MPV
4454,MPV
4455,MPV
4456,MPV
4457,MPV
4458,MPV
4459,MPV
4460,MPV
4461,MPV
4462,MPV
4463,MPV
4464,MPV
4465,MPV
4466,MPV
4467,MPV
4468,MPV
4469,MPV
4470,MPV
4471,MPV
4472,MPV
4473,MPV
4474,MPV
4475,MPV
4476,MPV
4477,MPV
4478,MPV
4479,MPV
4480,MPV
4481,MPV
4482,MPV
4483,MPV
4484,MPV
4485,MPV
4486,MPV
4487,MPV
4488,MPV
4489,MPV
4490,MPV
4491,MPV
4492,MPV
4493,MPV
4494,MPV
4495,MPV
4496,MPV
4497,MPV
4498,MPV
4499,MPV
4500,MPV
4501,MPV
4502,MPV
4503,MPV
4504,MPV
4505,MPV
4506,MPV
4507,MPV
4508,MPV
4509,MPV
4510,MPV
4511,MPV
4512,MPV
4513,MPV
4514,MPV
4515,MPV
4516,MPV
4517,MPV
4518,MPV
4519,MPV
4520,MPV
4521,MPV
4522,MPV
4523,MPV
4524,MPV
4525,MPV
4526,MPV
4527,MPV
4528,MPV
4529,MPV
4530,MPV
4531,MPV
4532,MPV
4533,MPV
4534,MPV
4535,MPV
4536,MPV
4537,MPV
4538,MPV
4539,MPV
4540,MPV
4541,MPV
4542,MPV
4543,MPV
4544,MPV
4545,MPV
4546,MPV
4547,MPV
4548,MPV
4549,MPV
4550,MPV
4551,MPV
4552,MPV
4553,MPV
4554,MPV
4555,MPV
4556,MPV
4557,MPV
4558,MPV
4559,MPV
4560,MPV
4561,MPV
4562,MPV
4563,MPV
4564,MPV
4565,MPV
4566,MPV
4567,MPV
4568,MPV
4569,MPV
4570,MPV
4571,MPV
4572,MPV
4573,MPV
4574,MPV
4575,MPV
4576,MPV
4577,MPV
4578,MPV
4579,MPV
4580,MPV
4581,MPV
4582,MPV
4583,MPV
4584,MPV
4585,MPV
4586,MPV
4587,MPV
4588,MPV
4589,MPV
4590,MPV
4591,MPV
4592,MPV
4593,MPV
4594,MPV
4595,MPV
4596,MPV
4597,MPV
4598,MPV
4599,MPV
4600,MPV
4601,MPV
4602,MPV
4603,MPV
4604,MPV
4605,MPV
4606,MPV
4607,MPV
4608,MPV
4609,MPV
4610,MPV
4611,MPV
4612,MPV
4613,MPV
4614,MPV
4615,MPV
4616,MPV
4617,MPV
4618,MPV
4619,MPV
4620,MPV
4621,MPV
4622,MPV
4623,MPV
4624,MPV
4625,MPV
4626,MPV
4627,MPV
4628,MPV
4629,MPV
4630,MPV
4631,MPV
4632,MPV
4633,MPV
4634,MPV
4635,MPV
4636,MPV
4637,MPV
4638,MPV
4639,MPV
4640,MPV
4641,MPV
4642,MPV
4643,MPV
4644,MPV
4645,MPV
4646,MPV
4647,MPV
4648,MPV
4649,MPV
4650,MPV
4651,MPV
4652,MPV
4653,MPV
4654,MPV
4655,MPV
4656,MPV
4657,MPV
4658,MPV
4659,MPV
4660,MPV
4661,MPV
4662,MPV
4663,MPV
4664,MPV
4665,MPV
4666,MPV
4667,MPV
4668,MPV
4669,MPV
4670,MPV
4671,MPV
4672,MPV
4673,MPV
4674,MPV
4675,MPV
4676,MPV
4677,MPV
4678,MPV
4679,MPV
4680,MPV
4681,MPV
4682,MPV
4683,MPV
4684,MPV
4685,MPV
4686,MPV
4687,MPV
4688,MPV
4689,MPV
4690,MPV
4691,MPV
4692,MPV
4693,MPV
4694,MPV
4695,MPV
4696,MPV
4697,MPV
4698,MPV
4699,MPV
4700,MPV
4701,MPV
4702,MPV
4703,MPV
4704,MPV
4705,MPV
4706,MPV
4707,MPV
4708,MPV
4709,MPV
4710,MPV
4711,MPV
4712,MPV
4713,MPV
4714,MPV
4715,MPV
4716,MPV
4717,MPV
4718,MPV
4719,MPV
4720,MPV
4721,MPV
4722,MPV
4723,MPV
4724,MPV
4725,MPV
4726,MPV
4727,MPV
4728,MPV
4729,MPV
4730,MPV
4731,MPV
4732,MPV
4733,MPV
4734,MPV
4735,MPV
4736,MPV
4737,MPV
4738,MPV
4739,MPV
4740,MPV
4741,MPV
4742,MPV
4743,MPV
4744,MPV
4745,MPV
4746,MPV
4747,MPV
4748,MPV
4749,MPV
4750,MPV
4751,MPV
4752,MPV
4753,MPV
4754,MPV
4755,MPV
4756,MPV
4757,MPV
4758,MPV
4759,MPV
4760,MPV
4761,MPV
4762,MPV
4763,MPV
4764,MPV
4765,MPV
4766,MPV
4767,MPV
4768,MPV
4769,MPV
4770,MPV
4771,MPV
4772,MPV
4773,MPV
4774,MPV
4775,MPV
4776,MPV
4777,MPV
4778,MPV
4779,MPV
4780,MPV
4781,MPV
4782,MPV
4783,MPV
4784,MPV
4785,MPV
4786,MPV
4787,MPV
4788,MPV
4789,MPV
4790,MPV
4791,MPV
4792,MPV
4793,MPV
4794,MPV
4795,MPV
4796,MPV
4797,MPV
4798,MPV
4799,MPV
4800,MPV
4801,MPV
4802,MPV
4803,MPV
4804,MPV
4805,MPV
4806,MPV
4807,MPV
4808,MPV
4809,MPV
4810,MPV
4811,MPV
4812,MPV
4813,MPV
4814,MPV
4815,MPV
4816,MPV
4817,MPV
4818,MPV
4819,MPV
4820,MPV
4821,MPV
4822,MPV
4823,MPV
4824,MPV
4825,MPV
4826,MPV
4827,MPV
4828,MPV
4829,MPV
4830,MPV
4831,MPV
4832,MPV
4833,MPV
4834,MPV
4835,MPV
4836,MPV
4837,MPV
4838,MPV
4839,MPV
4840,MPV
4841,Pickup
4842,Pickup
4843,Pickup
4844,Pickup
4845,Pickup
4846,Pickup
4847,Pickup
4848,Pickup
4849,Pickup
4850,Pickup
4851,Pickup
4852,Pickup
4853,Pickup
4854,Pickup
4855,Pickup
4856,Pickup
4857,Pickup
4858,Pickup
4859,Pickup
4860,Pickup
4861,Pickup
4862,Pickup
4863,Pickup
4864,Pickup
4865,Pickup
4866,Pickup
4867,Pickup
4868,Pickup
4869,Pickup
4870,Pickup
4871,Pickup
4872,Pickup
4873,Pickup
4874,Pickup
4875,Pickup
4876,Pickup
4877,Pickup
4878,Pickup
4879,Pickup
4880,Pickup
4881,Pickup
4882,Pickup
4883,Pickup
4884,Pickup
4885,Pickup
4886,Pickup
4887,Pickup
4888,Pickup
4889,Pickup
4890,Pickup
4891,Pickup
4892,Pickup
4893,Pickup
4894,Pickup
4895,Pickup
4896,Pickup
4897,Pickup
4898,Pickup
4899,Pickup
4900,Pickup
4901,Pickup
4902,Pickup
4903,Pickup
4904,Pickup
4905,Pickup
4906,Pickup
4907,Pickup
4908,Pickup
4909,Pickup
4910,Pickup
4911,Pickup
4912,Pickup
4913,Pickup
4914,Pickup
4915,Pickup
4916,Pickup
4917,Pickup
4918,Pickup
4919,Pickup
4920,Pickup
4921,Pickup
4922,Pickup
4923,Pickup
4924,Pickup
4925,Pickup
4926,Pickup
4927,Pickup
4928,Pickup
4929,Pickup
4930,Pickup
4931,Pickup
4932,Pickup
4933,Pickup
4934,Pickup
4935,Pickup
4936,Pickup
4937,Pickup
4938,Pickup
4939,Pickup
4940,Pickup
4941,Pickup
4942,Pickup
4943,Pickup
4944,Pickup
4945,Pickup
4946,Pickup
4947,Pickup
4948,Pickup
4949,Pickup
4950,Pickup
4951,Pickup
4952,Pickup
4953,Pickup
4954,Pickup
4955,Pickup
4956,Pickup
4957,Pickup
4958,Pickup
4959,Pickup
4960,Pickup
4961,Pickup
4962,Pickup
4963,Pickup
4964,Pickup
4965,Pickup
4966,Pickup
4967,Pickup
4968,Pickup
4969,Pickup
4970,Pickup
4971,Pickup
4972,Pickup
4973,Pickup
4974,Pickup
4975,Pickup
4976,Pickup
4977,Pickup
4978,Pickup
4979,Pickup
4980,Pickup
4981,Pickup
4982,Pickup
4983,Pickup
4984,Pickup
4985,Pickup
4986,Pickup
4987,Pickup
4988,Pickup
4989,Pickup
4990,Pickup
4991,Pickup
4992,Pickup
4993,Pickup
4994,Pickup
4995,Pickup
4996,Pickup
4997,Pickup
4998,Pickup
4999,Pickup
5000,Pickup
5001,Pickup
5002,Pickup
5003,Pickup
5004,Pickup
5005,Pickup
5006,Pickup
5007,Pickup
5008,Pickup
5009,Pickup
5010,Pickup
5011,Pickup
5012,Pickup
5013,Pickup
5014,Pickup
5015,Pickup
5016,Pickup
5017,Pickup
5018,Pickup
5019,Pickup
5020,Pickup
5021,Pickup
5022,Pickup
5023,Pickup
5024,Pickup
5025,Pickup
5026,Pickup
5027,Pickup
5028,Pickup
5029,Pickup
5030,Pickup
5031,Pickup
5032,Pickup
5033,Pickup
5034,Pickup
5035,Pickup
5036,Pickup
5037,Pickup
5038,Pickup
5039,Pickup
5040,Pickup
5041,Pickup
5042,Pickup
5043,Pickup
5044,Pickup
5045,Pickup
5046,Pickup
5047,Pickup
5048,Pickup
5049,Pickup
5050,Pickup
5051,Pickup
5052,Pickup
5053,Pickup
5054,Pickup
5055,Pickup
5056,Pickup
5057,Pickup
5058,Pickup
5059,Pickup
5060,Pickup
5061,Pickup
5062,Pickup
5063,Pickup
5064,Pickup
5065,Pickup
5066,Pickup
5067,Pickup
5068,Pickup
5069,Pickup
5070,Pickup
5071,Pickup
5072,Pickup
5073,Pickup
5074,Pickup
5075,Pickup
5076,Pickup
5077,Pickup
5078,Pickup
5079,Pickup
5080,Pickup
5081,Pickup
5082,Truck
5083,Truck
5084,Truck
5085,Truck
5086,Truck
5087,Truck
5088,Truck
5089,Truck
5090,Truck
5091,Truck
5092,Truck
5093,Truck
5094,Truck
5095,Truck
5096,Truck
5097,Truck
5098,Truck
5099,Truck
5100,Truck
5101,Truck
5102,Truck
5103,Truck
5104,Truck
5105,Truck
5106,Truck
5107,Truck
5108,Truck
5109,Truck
5110,Truck
5111,Truck
5112,Truck
5113,Truck
5114,Truck
5115,Truck
5116,Truck
5117,Truck
5118,Truck
5119,Truck
5120,Truck
5121,Truck
5122,Truck
5123,Truck
5124,Truck
5125,Truck
5126,Truck
5127,Truck
5128,Truck
5129,Truck
5130,Truck
5131,Truck
5132,Truck
5133,Truck
5134,Truck
5135,Truck
5136,Truck
5137,Truck
5138,Truck
5139,Truck
5140,Truck
5141,Truck
5142,Truck
5143,Truck
5144,Truck
5145,Truck
5146,Truck
5147,Truck
5148,Truck
5149,Truck
5150,Truck
5151,Truck
5152,Truck
5153,Truck
5154,Truck
5155,Truck
5156,Truck
5157,Truck
5158,Truck
5159,Truck
5160,Truck
5161,Truck
5162,Truck
5163,Truck
5164,Truck
5165,Truck
5166,Truck
5167,Truck
5168,Truck
5169,Truck
5170,Truck
5171,Truck
5172,Truck
5173,Truck
5174,Truck
5175,Truck
5176,Truck
5177,Truck
5178,Truck
5179,Truck
5180,Truck
5181,Truck
5182,Truck
5183,Truck
5184,Truck
5185,Truck
5186,Truck
5187,Truck
5188,Truck
5189,Truck
5190,Truck
5191,Truck
5192,Truck
5193,Truck
5194,Truck
5195,Truck
5196,Truck
5197,Truck
5198,Truck
5199,Truck
5200,Truck
5201,Truck
5202,Truck
5203,Truck
5204,Truck
5205,Truck
5206,Truck
5207,Truck
5208,Truck
5209,Truck
5210,Truck
5211,Truck
5212,Truck
5213,Truck
5214,Truck
5215,Truck
5216,Truck
5217,Truck
5218,Truck
5219,Truck
5220,Truck
5221,Truck
5222,Truck
5223,Truck
5224,Truck
5225,Truck
5226,Truck
5227,Truck
5228,Truck
5229,Truck
5230,Truck
5231,Truck
5232,Truck
5233,Truck
5234,Truck
5235,Truck
5236,Truck
5237,Truck
5238,Truck
5239,Truck
5240,Truck
5241,Truck
5242,Truck
5243,Truck
5244,Truck
5245,Truck
5246,Truck
5247,Truck
5248,Truck
5249,Truck
5250,Truck
5251,Truck
5252,Truck
5253,Truck
5254,Truck
5255,Truck
5256,Truck
5257,Truck
5258,Truck
5259,Truck
5260,Truck
5261,Truck
5262,Truck
5263,Truck
5264,Truck
5265,Truck
5266,Truck
5267,Truck
5268,Truck
5269,Truck
5270,Truck
5271,Truck
5272,Truck
5273,Truck
5274,Truck
5275,Truck
5276,Truck
5277,Truck
5278,Truck
5279,Truck
5280,Truck
5281,Truck
5282,Truck
5283,Truck
5284,Truck
5285,Truck
5286,Truck
5287,Truck
5288,Truck
5289,Truck
5290,Truck
5291,Truck
5292,Truck
5293,Truck
5294,Truck
5295,Truck
5296,Truck
5297,Truck
5298,Truck
5299,Truck
5300,Truck
5301,Truck
5302,Truck
5303,Truck
5304,Truck
5305,Truck
5306,Truck
5307,Truck
5308,Truck
5309,Truck
5310,Truck
5311,Truck
5312,Truck
5313,Truck
5314,Truck
5315,Truck
5316,Truck
5317,Truck
5318,Truck
5319,Truck
5320,Truck
5321,Truck
5322,Truck
5323,Truck
5324,Truck
5325,Truck
5326,Truck
5327,Truck
5328,Truck
5329,Truck
5330,Truck
5331,Truck
5332,Truck
5333,Truck
5334,Truck
5335,Truck
5336,Truck
5337,Truck
5338,Truck
5339,Truck
5340,Truck
5341,Truck
5342,Truck
5343,Truck
5344,Truck
5345,Truck
5346,Truck
5347,Truck
5348,Truck
5349,Truck
5350,Truck
5351,Truck
5352,Truck
5353,Truck
5354,Truck
5355,Truck
5356,Truck
5357,Truck
5358,Truck
5359,Truck
5360,Truck
5361,Truck
5362,Truck
5363,Truck
5364,Truck
5365,Truck
5366,Truck
5367,Truck
5368,Truck
5369,Truck
5370,Truck
5371,Truck
5372,Truck
5373,Truck
5374,Truck
5375,Truck
5376,Truck
5377,Truck
5378,Truck
5379,Truck
5380,Truck
5381,Truck
5382,Truck
5383,Truck
5384,Truck
5385,Truck
5386,Truck
5387,Truck
5388,Truck
5389,Truck
5390,Truck
5391,Truck
5392,Truck
5393,Truck
5394,Truck
5395,Truck
5396,Truck
5397,Truck
5398,Truck
5399,Truck
5400,Truck
5401,Truck
5402,Truck
5403,Truck
5404,Truck
5405,Truck
5406,Truck
5407,Truck
5408,Truck
5409,Truck
5410,Truck
5411,Truck
5412,Truck
5413,Truck
5414,Truck
5415,Truck
5416,Truck
5417,Truck
5418,Truck
5419,Truck
5420,Truck
5421,Truck
5422,Truck
5423,Truck
5424,Truck
5425,Truck
5426,Truck
5427,Truck
5428,Truck
5429,Truck
5430,Truck
5431,Truck
5432,Truck
5433,Truck
5434,Truck
5435,Truck
5436,Truck
5437,Truck
5438,Truck
5439,Truck
5440,Truck
5441,Truck
5442,Truck
5443,Truck
5444,Truck
5445,Truck
5446,Truck
5447,Truck
5448,Truck
5449,Truck
5450,Truck
5451,Truck
5452,Truck
5453,Truck
5454,Truck
5455,Truck
5456,Truck
5457,Truck
5458,Truck
5459,Truck
5460,Truck
5461,Truck
5462,Truck
5463,Truck
5464,Truck
5465,Truck
5466,Truck
5467,Truck
5468,Truck
5469,Truck
5470,Truck
5471,Truck
5472,Truck
5473,Truck
5474,Truck
5475,Truck
5476,Truck
5477,Truck
5478,Truck
5479,Truck
5480,Truck
5481,Truck
5482,Truck
5483,Truck
5484,Truck
5485,Truck
5486,Truck
5487,Truck
5488,Truck
5489,Truck
5490,Truck
5491,Truck
5492,Truck
5493,Truck
5494,Truck
5495,Truck
5496,Truck
5497,Truck
5498,Truck
5499,Truck
5500,Truck
5501,Truck
5502,Truck
5503,Truck
5504,Truck
5505,Truck
5506,Truck
5507,Truck
5508,Truck
5509,Truck
5510,Truck
5511,Truck
5512,Truck
5513,Truck
5514,Truck
5515,Truck
5516,Truck
5517,Truck
5518,Truck
5519,Truck
5520,Truck
5521,Truck
5522,Truck
5523,Truck
5524,Truck
5525,Truck
5526,Truck
5527,Truck
5528,Truck
5529,Truck
5530,Truck
5531,Truck
5532,Truck
5533,Truck
5534,Truck
5535,Truck
5536,Truck
5537,Truck
5538,Truck
5539,Truck
5540,Truck
5541,Truck
5542,Truck
5543,Truck
5544,Truck
5545,Truck
5546,Truck
5547,Truck
5548,Truck
5549,Truck
5550,Truck
5551,Truck
5552,Truck
5553,Truck
5554,Truck
5555,Truck
5556,Truck
5557,Truck
5558,Truck
5559,Truck
5560,Truck
5561,Truck
5562,Truck
5563,Truck
5564,Truck
5565,Truck
5566,Truck
5567,Truck
5568,Truck
5569,Truck
5570,Truck
5571,Truck
5572,Truck
5573,Truck
5574,Truck
5575,Truck
5576,Truck
5577,Truck
5578,Truck
5579,Truck
5580,Truck
5581,Truck
5582,Truck
5583,Truck
5584,Truck
5585,Truck
5586,Truck
5587,Truck
5588,Truck
5589,Truck
5590,Truck
5591,Truck
5592,Truck
5593,Truck
5594,Truck
5595,Truck
5596,Truck
5597,Truck
5598,Truck
5599,Truck
5600,Truck
5601,Truck
5602,Truck
5603,Truck
5604,Truck
5605,Truck
5606,Truck
5607,Truck
5608,Truck
5609,Truck
5610,Truck
5611,Truck
5612,Truck
5613,Truck
5614,Truck
5615,Truck
5616,Truck
5617,Truck
5618,Truck
5619,Truck
5620,Truck
5621,Truck
5622,Truck
5623,Truck
5624,Truck
5625,Truck
5626,Truck
5627,Truck
5628,Truck
5629,Truck
5630,Truck
5631,Truck
5632,Truck
5633,Truck
5634,Truck
5635,Truck
5636,Truck
5637,Truck
5638,Truck
5639,Truck
5640,Truck
5641,Truck
5642,Truck
5643,Truck
5644,Truck
5645,Truck
5646,Truck
5647,Truck
5648,Truck
5649,Truck
5650,Truck
5651,Truck
5652,Truck
5653,Truck
5654,Truck
5655,Truck
5656,Truck
5657,Truck
5658,Truck
5659,Truck
5660,Truck
5661,Truck
5662,Truck
5663,Truck
5664,Truck
5665,Truck
5666,Truck
5667,Truck
5668,Truck
5669,Truck
5670,Truck
5671,Truck
5672,Truck
5673,Truck
5674,Truck
5675,Truck
5676,Truck
5677,Truck
5678,Truck
5679,Truck
5680,Truck
5681,Truck
5682,Truck
5683,Truck
5684,Truck
5685,Truck
5686,Truck
5687,Truck
5688,Truck
5689,Truck
5690,Truck
5691,Truck
5692,Truck
5693,Truck
5694,Truck
5695,Truck
5696,Truck
5697,Truck
5698,Truck
5699,Truck
5700,Truck
5701,Truck
5702,Truck
5703,Truck
5704,Truck
5705,Truck
5706,Truck
5707,Truck
5708,Truck
5709,Truck
5710,Truck
5711,Truck
5712,Truck
5713,Truck
5714,Truck
5715,Truck
5716,Truck
5717,Truck
5718,Truck
5719,Truck
5720,Truck
5721,Truck
5722,Truck
5723,Truck
5724,Truck
5725,Truck
5726,Truck
5727,Truck
5728,Truck
5729,Truck
5730,Truck
5731,Truck
5732,Truck
5733,Truck
5734,Truck
5735,Truck
5736,Truck
5737,Truck
5738,Truck
5739,Truck
5740,Truck
5741,Truck
5742,Truck
5743,Truck
5744,Truck
5745,Truck
5746,Truck
5747,Truck
5748,Truck
5749,Truck
5750,Truck
5751,Truck
5752,Truck
5753,Truck
5754,Truck
5755,Truck
5756,Truck
5757,Truck
5758,Truck
5759,Truck
5760,Truck
5761,Truck
5762,Truck
5763,Truck
5764,Truck
5765,Truck
5766,Truck
5767,Truck
5768,Truck
5769,Truck
5770,Truck
5771,Truck
5772,Truck
5773,Truck
5774,Truck
5775,Truck
5776,Truck
5777,Truck
5778,Truck
5779,Truck
5780,Truck
5781,Truck
5782,Truck
5783,Truck
5784,Truck
5785,Truck
5786,Truck
5787,Truck
5788,Truck
5789,Truck
5790,Truck
5791,Truck
5792,Truck
5793,Truck
5794,Truck
5795,Truck
5796,Truck
5797,Truck
5798,Truck
5799,Truck
5800,Truck
5801,Truck
5802,Truck
5803,Truck
5804,Truck
5805,Truck
5806,Truck
5807,Truck
5808,Truck
5809,Truck
5810,Truck
5811,Truck
5812,Truck
5813,Truck
5814,Truck
5815,Truck
5816,Truck
5817,Truck
5818,Truck
5819,Truck
5820,Truck
5821,Truck
5822,Truck
5823,Truck
5824,Truck
5825,Truck
5826,Truck
5827,Truck
5828,Truck
5829,Truck
5830,Truck
5831,Truck
5832,Truck
5833,Truck
5834,Truck
5835,Truck
5836,Truck
5837,Truck
5838,Truck
5839,Truck
5840,Truck
5841,Truck
5842,Truck
5843,Truck
5844,Truck
5845,Truck
5846,Truck
5847,Truck
5848,Truck
5849,Truck
5850,Truck
5851,Truck
5852,Truck
5853,Truck
5854,Truck
5855,Truck
5856,Truck
5857,Truck
5858,Truck
5859,Truck
5860,Truck
5861,Truck
5862,Truck
5863,Truck
5864,Truck
5865,Truck
5866,Truck
5867,Truck
5868,Truck
5869,Truck
5870,Truck
5871,Truck
5872,Truck
5873,Truck
5874,Truck
5875,Truck
5876,Truck
5877,Truck
5878,Truck
5879,Truck
5880,Truck
5881,Truck
5882,Truck
5883,Truck
5884,Truck
5885,Truck
5886,Truck
5887,Truck
5888,Truck
5889,Truck
5890,Truck
5891,Truck
5892,Truck
5893,Truck
5894,Truck
5895,Truck
5896,Truck
5897,Truck
5898,Truck
5899,Truck
5900,Truck
5901,Truck
5902,Truck
5903,Truck
5904,Truck
5905,Truck
5906,Truck
5907,Truck
5908,Truck
5909,Truck
5910,Truck
5911,Truck
5912,Truck
5913,Truck
5914,Truck
5915,Truck
5916,Truck
5917,Truck
5918,Truck
5919,Truck
5920,Truck
5921,Truck
5922,Truck
5923,Truck
5924,Bus
5925,Bus
5926,Bus
5927,Bus
5928,Bus
5929,Bus
5930,Bus
5931,Bus
5932,Bus
5933,Bus
5934,Bus
5935,Bus
5936,Bus
5937,Bus
5938,Bus
5939,Bus
5940,Bus
5941,Bus
5942,Bus
5943,Bus
5944,Bus
5945,Bus
5946,Bus
5947,Bus
5948,Bus
5949,Bus
5950,Bus
5951,Bus
5952,Bus
5953,Bus
5954,Bus
5955,Bus
5956,Bus
5957,Bus
5958,Bus
5959,Bus
5960,Bus
5961,Bus
5962,Bus
5963,Bus
5964,Bus
5965,Bus
5966,Bus
5967,Bus
5968,Bus
5969,Bus
5970,Bus
5971,Bus
5972,Bus
5973,Bus
5974,Bus
5975,Bus
5976,Bus
5977,Bus
5978,Bus
5979,Bus
5980,Bus
5981,Bus
5982,Bus
5983,Bus
5984,Bus
5985,Bus
5986,Bus
5987,Bus
5988,Bus
5989,Bus
5990,Bus
5991,Bus
5992,Bus
5993,Bus
5994,Bus
5995,Bus
5996,Bus
5997,Bus
5998,Bus
5999,Bus
6000,Bus
6001,Bus
6002,Bus
6003,Bus
6004,Bus
6005,Bus
6006,Bus
6007,Bus
6008,Bus
6009,Bus
6010,Bus
6011,Bus
6012,Bus
6013,Bus
6014,Bus
6015,Bus
6016,Bus
6017,Bus
6018,Bus
6019,Bus
6020,Bus
6021,Bus
6022,Bus
6023,Bus
6024,Bus
6025,Bus
6026,Bus
6027,Bus
6028,Bus
6029,Bus
6030,Bus
6031,Bus
6032,Bus
6033,Bus
6034,Bus
6035,Bus
6036,Bus
6037,Bus
6038,Bus
6039,Bus
6040,Bus
6041,Bus
6042,Bus
6043,Bus
6044,Bus
6045,Bus
6046,Bus
6047,Bus
6048,Bus
6049,Bus
6050,Bus
6051,Bus
6052,Bus
6053,Bus
6054,Bus
6055,Bus
6056,Bus
6057,Bus
6058,Bus
6059,Bus
6060,Bus
6061,Bus
6062,Bus
6063,Bus
6064,Bus
6065,Bus
6066,Bus
6067,Bus
6068,Bus
6069,Bus
6070,Bus
6071,Bus
6072,Bus
6073,Bus
6074,Bus
6075,Bus
6076,Bus
6077,Bus
6078,Bus
6079,Bus
6080,Bus
6081,Bus
6082,Bus
6083,Bus
6084,Bus
6085,Bus
6086,Bus
6087,Bus
6088,Bus
6089,Bus
6090,Bus
6091,Bus
6092,Bus
6093,Bus
6094,Bus
6095,Bus
6096,Bus
6097,Bus
6098,Bus
6099,Bus
6100,Bus
6101,Bus
6102,Bus
6103,Bus
6104,Bus
6105,Bus
6106,Bus
6107,Bus
6108,Bus
6109,Bus
6110,Bus
6111,Bus
6112,Bus
6113,Bus
6114,Bus
6115,Bus
6116,Bus
6117,Bus
6118,Bus
6119,Bus
6120,Bus
6121,Bus
6122,Bus
6123,Bus
6124,Bus
6125,Bus
6126,Bus
6127,Bus
6128,Bus
6129,Bus
6130,Bus
6131,Bus
6132,Bus
6133,Bus
6134,Bus
6135,Bus
6136,Bus
6137,Bus
6138,Bus
6139,Bus
6140,Bus
6141,Bus
6142,Bus
6143,Bus
6144,Bus
6145,Bus
6146,Bus
6147,Bus
6148,Bus
6149,Bus
6150,Bus
6151,Bus
6152,Bus
6153,Bus
6154,Bus
6155,Bus
6156,Bus
6157,Bus
6158,Bus
6159,Bus
6160,Bus
6161,Bus
6162,Bus
6163,Bus
6164,Bus
6165,Bus
6166,Bus
6167,Bus
6168,Bus
6169,Bus
6170,Bus
6171,Bus
6172,Bus
6173,Bus
6174,Bus
6175,Bus
6176,Bus
6177,Bus
6178,Bus
6179,Bus
6180,Bus
6181,Bus
6182,Bus
6183,Bus
6184,Bus
6185,Bus
6186,Bus
6187,Bus
6188,Bus
6189,Bus
6190,Bus
6191,Bus
6192,Bus
6193,Bus
6194,Bus
6195,Bus
6196,Bus
6197,Bus
6198,Bus
6199,Bus
6200,Bus
6201,Bus
6202,Bus
6203,Bus
6204,Bus
6205,Bus
6206,Bus
6207,Bus
6208,Bus
6209,Bus
6210,Bus
6211,Bus
6212,Bus
6213,Bus
6214,Bus
6215,Bus
6216,Bus
6217,Bus
6218,Bus
6219,Bus
6220,Bus
6221,Bus
6222,Bus
6223,Bus
6224,Bus
6225,Bus
6226,Bus
6227,Bus
6228,Bus
6229,Bus
6230,Bus
6231,Bus
6232,Bus
6233,Bus
6234,Bus
6235,Bus
6236,Bus
6237,Bus
6238,Bus
6239,Bus
6240,Bus
6241,Bus
6242,Bus
6243,Bus
6244,Bus
6245,Bus
6246,Bus
6247,Bus
6248,Bus
6249,Bus
6250,Bus
6251,Bus
6252,Bus
6253,Bus
6254,Bus
6255,Bus
6256,Bus
6257,Bus
6258,Bus
6259,Bus
6260,Bus
6261,Bus
6262,Bus
6263,Bus
6264,Bus
6265,Bus
6266,Bus
6267,Bus
6268,Bus
6269,Bus
6270,Bus
6271,Bus
6272,Bus
6273,Bus
6274,Bus
6275,Bus
6276,Bus
6277,Bus
6278,Bus
6279,Bus
6280,Bus
6281,Bus
6282,Bus
6283,Bus
6284,Bus
6285,Bus
6286,Bus
6287,Bus
6288,Bus
6289,Bus
6290,Bus
6291,Bus
6292,Bus
6293,Bus
6294,Bus
6295,Bus
6296,Bus
6297,Bus
6298,Bus
6299,Bus
6300,Bus
6301,Bus
6302,Bus
6303,Bus
6304,Bus
6305,Bus
6306,Bus
6307,Bus
6308,Bus
6309,Bus
6310,Bus
6311,Bus
6312,Bus
6313,Bus
6314,Bus
6315,Bus
6316,Bus
6317,Bus
6318,Bus
6319,Bus
6320,Bus
6321,Bus
6322,Bus
6323,Bus
6324,Bus
6325,Bus
6326,Bus
6327,Bus
6328,Bus
6329,Bus
6330,Bus
6331,Bus
6332,Bus
6333,Bus
6334,Bus
6335,Bus
6336,Bus
6337,Bus
6338,Bus
6339,Bus
6340,Bus
6341,Bus
6342,Bus
6343,Bus
6344,Bus
6345,Bus
6346,Bus
6347,Bus
6348,Bus
6349,Bus
6350,Bus
6351,Bus
6352,Bus
6353,Bus
6354,Bus
6355,Bus
6356,Bus
6357,Bus
6358,Bus
6359,Bus
6360,Bus
6361,Bus
6362,Bus
6363,Bus
6364,Bus
6365,Bus
6366,Bus
6367,Bus
6368,Bus
6369,Bus
6370,Bus
6371,Bus
6372,Bus
6373,Bus
6374,Bus
6375,Bus
6376,Bus
6377,Bus
6378,Bus
6379,Bus
6380,Bus
6381,Bus
6382,Bus
6383,Bus
6384,Bus
6385,Bus
6386,Bus
6387,Bus
6388,Bus
6389,Bus
6390,Bus
6391,Bus
6392,Bus
6393,Bus
6394,Bus
6395,Bus
6396,Bus
6397,Bus
6398,Bus
6399,Bus
6400,Bus
6401,Bus
6402,Bus
6403,Bus
6404,Bus
6405,Bus
6406,Bus
6407,Bus
6408,Bus
6409,Bus
6410,Bus
6411,Bus
6412,Bus
6413,Bus
6414,Bus
6415,Bus
6416,Bus
6417,Bus
6418,Bus
6419,Bus
6420,Bus
6421,Bus
6422,Bus
6423,Bus
6424,Bus
6425,Bus
6426,Bus
6427,Bus
6428,Bus
6429,Bus
6430,Bus
6431,Bus
6432,Bus
6433,Bus
6434,Bus
6435,Bus
6436,Bus
6437,Bus
6438,Bus
6439,Bus
6440,Bus
6441,Bus
6442,Bus
6443,Bus
6444,Bus
6445,Bus
6446,Bus
6447,Bus
6448,Bus
6449,Bus
6450,Bus
6451,Bus
6452,Bus
6453,Bus
6454,Bus
6455,Bus
6456,Bus
6457,Bus
6458,Bus
6459,Bus
6460,Bus
6461,Bus
6462,Bus
6463,Bus
6464,Bus
6465,Bus
6466,Bus
6467,Bus
6468,Bus
6469,Bus
6470,Bus
6471,Bus
6472,Bus
6473,Bus
6474,Bus
6475,Bus
6476,Bus
6477,Bus
6478,Bus
6479,Bus